"id-to","entity-to-name","year","value"
"AF","Afghanistan",1989,0
"AF","Afghanistan",1991,0
"AF","Afghanistan",1996,3240029.66
"AF","Afghanistan",1997,2235057.24
"AF","Afghanistan",1998,31613.49
"AF","Afghanistan",1999,3237953.13
"AF","Afghanistan",2000,9108762.19
"AF","Afghanistan",2001,15348644.12
"AF","Afghanistan",2002,19762363.53
"AF","Afghanistan",2003,8390764.52
"AF","Afghanistan",2004,9398945.38
"AF","Afghanistan",2005,8134319.08
"AF","Afghanistan",2006,1281177.86
"AF","Afghanistan",2007,606771.74
"AF","Afghanistan",2008,724592.63
"AF","Afghanistan",2009,782711.11
"AF","Afghanistan",2010,2211416.5
"AF","Afghanistan",2011,872882.37
"AF","Afghanistan",2012,1163849.94
"AF","Afghanistan",2013,1369706.76
"AF","Afghanistan",2014,1156264.11
"AF","Afghanistan",2015,574430.67
"africa","Africa, regional",1991,0
"africa","Africa, regional",1996,55439.43
"africa","Africa, regional",1997,198889.73
"africa","Africa, regional",1998,1919721.63
"africa","Africa, regional",2001,255917.65
"africa","Africa, regional",2002,271193.3
"africa","Africa, regional",2003,93807.88
"africa","Africa, regional",2004,505301.88
"africa","Africa, regional",2005,1296227.43
"africa","Africa, regional",2006,1849440.07
"africa","Africa, regional",2007,824683.78
"africa","Africa, regional",2008,1463992.04
"africa","Africa, regional",2009,1705191.85
"africa","Africa, regional",2010,8261294.16
"africa","Africa, regional",2011,3987646.09
"africa","Africa, regional",2012,1410392.63
"africa","Africa, regional",2013,5285354.02
"africa","Africa, regional",2014,4110633.58
"africa","Africa, regional",2015,4251749
"AL","Albania",1989,0
"AL","Albania",1991,0
"AL","Albania",1992,0
"AL","Albania",1996,3114939.54
"AL","Albania",1997,2113153.13
"AL","Albania",1998,0
"AL","Albania",1999,3174640.12
"AL","Albania",2000,5728576.27
"AL","Albania",2001,3630966.82
"AL","Albania",2002,2475510.8
"AL","Albania",2003,4357798.6
"AL","Albania",2004,5440771.43
"AL","Albania",2005,4429723.08
"AL","Albania",2006,7194001.8
"AL","Albania",2007,6825406.06
"AL","Albania",2008,6734873.02
"AL","Albania",2009,7252022.49
"AL","Albania",2010,7397966.36
"AL","Albania",2011,6906121.44
"AL","Albania",2012,8197641.22
"AL","Albania",2013,8705231.37
"AL","Albania",2014,11055633.16
"AL","Albania",2015,10283030.92
"DZ","Algeria",1974,0
"DZ","Algeria",1976,0
"DZ","Algeria",1981,0
"DZ","Algeria",1982,0
"DZ","Algeria",1983,0
"DZ","Algeria",1985,0
"DZ","Algeria",1987,0
"DZ","Algeria",1988,0
"DZ","Algeria",1989,47073407.44
"DZ","Algeria",1990,26055817.82
"DZ","Algeria",1991,64707834.33
"DZ","Algeria",1992,1685363.45
"DZ","Algeria",1993,44018593.69
"DZ","Algeria",1994,93696840.75
"DZ","Algeria",1995,1676284.87
"DZ","Algeria",1996,1145336.71
"DZ","Algeria",1997,366924.76
"DZ","Algeria",1998,0
"DZ","Algeria",1999,1299506.75
"DZ","Algeria",2000,299807.46
"DZ","Algeria",2001,294203.45
"DZ","Algeria",2002,617486.7
"DZ","Algeria",2003,904023.35
"DZ","Algeria",2004,589557.33
"DZ","Algeria",2005,935469.86
"DZ","Algeria",2006,151128.56
"DZ","Algeria",2007,153326.73
"DZ","Algeria",2008,150205.98
"DZ","Algeria",2009,125390.41
"DZ","Algeria",2010,106775.62
"DZ","Algeria",2011,130466.11
"DZ","Algeria",2012,223599.24
"DZ","Algeria",2013,170216
"DZ","Algeria",2014,139186.24
"DZ","Algeria",2015,118780.36
"america","America, regional",1981,0
"america","America, regional",1991,0
"america","America, regional",2002,90397.86
"america","America, regional",2004,131338.12
"america","America, regional",2005,157960.44
"america","America, regional",2006,29750.05
"america","America, regional",2007,117283.11
"america","America, regional",2008,101436.04
"america","America, regional",2009,1734964.66
"america","America, regional",2010,2523699.24
"america","America, regional",2011,1734341.18
"america","America, regional",2012,2576868.03
"america","America, regional",2013,2072746.82
"america","America, regional",2014,2274170.27
"america","America, regional",2015,1016626.7
"AO","Angola",1983,0
"AO","Angola",1989,0
"AO","Angola",1990,0
"AO","Angola",1991,0
"AO","Angola",1993,0
"AO","Angola",1994,0
"AO","Angola",1996,3482776.04
"AO","Angola",1997,2457699.87
"AO","Angola",1998,0
"AO","Angola",1999,1353191.77
"AO","Angola",2000,556635.7
"AO","Angola",2001,56404.34
"AO","Angola",2002,325432.05
"AO","Angola",2003,289837.85
"AO","Angola",2004,167403.31
"AO","Angola",2005,1848160.57
"AO","Angola",2006,26493.26
"AO","Angola",2007,30467.2
"AO","Angola",2008,39353.48
"AO","Angola",2009,50681.58
"AO","Angola",2010,20135.5
"AO","Angola",2011,19822.53
"AO","Angola",2012,38892.54
"AO","Angola",2013,16344.4
"AO","Angola",2014,19922.96
"AO","Angola",2015,9822.09
"AG","Antigua & Barbuda",2005,10122.66
"AG","Antigua & Barbuda",2007,189967.68
"AG","Antigua & Barbuda",2009,20243.16
"AR","Argentina",1980,0
"AR","Argentina",1991,0
"AR","Argentina",1996,359010.83
"AR","Argentina",1997,304403.8
"AR","Argentina",1998,143639.55
"AR","Argentina",1999,170919.32
"AR","Argentina",2000,179321.04
"AR","Argentina",2001,167370.48
"AR","Argentina",2002,182186.45
"AR","Argentina",2003,158193.41
"AR","Argentina",2004,154346.46
"AR","Argentina",2005,122472.33
"AR","Argentina",2006,105482.07
"AR","Argentina",2007,126245.7
"AR","Argentina",2008,230264.76
"AR","Argentina",2009,263063.3
"AR","Argentina",2010,315717.33
"AR","Argentina",2011,289270.86
"AR","Argentina",2012,219457.27
"AR","Argentina",2013,212824.71
"AR","Argentina",2014,241836.19
"AR","Argentina",2015,284052.19
"AM","Armenia",1996,43920.92
"AM","Armenia",1998,0
"AM","Armenia",1999,373126.48
"AM","Armenia",2000,884087.24
"AM","Armenia",2001,2446477.42
"AM","Armenia",2002,3371150.26
"AM","Armenia",2003,3701698.07
"AM","Armenia",2004,3671652.81
"AM","Armenia",2005,1827857.23
"AM","Armenia",2006,368813.12
"AM","Armenia",2007,558566.02
"AM","Armenia",2008,384812.15
"AM","Armenia",2009,1117901.72
"AM","Armenia",2010,1318223.62
"AM","Armenia",2011,1973396.48
"AM","Armenia",2012,2608647.27
"AM","Armenia",2013,2465953.71
"AM","Armenia",2014,4425300.91
"AM","Armenia",2015,3765261.27
"asia","Asia, regional",1996,21529.82
"asia","Asia, regional",1998,0
"asia","Asia, regional",2006,25847.17
"asia","Asia, regional",2007,56875.82
"asia","Asia, regional",2008,29492.31
"asia","Asia, regional",2009,531487.86
"asia","Asia, regional",2010,557306.88
"asia","Asia, regional",2011,3553991.07
"asia","Asia, regional",2012,3036737.99
"asia","Asia, regional",2013,83185.4
"asia","Asia, regional",2014,2403934.09
"asia","Asia, regional",2015,489913.2
"AZ","Azerbaijan",1996,7104.85
"AZ","Azerbaijan",1998,0
"AZ","Azerbaijan",1999,160032.04
"AZ","Azerbaijan",2000,218440.12
"AZ","Azerbaijan",2001,311503.71
"AZ","Azerbaijan",2002,451989.76
"AZ","Azerbaijan",2003,406386.94
"AZ","Azerbaijan",2004,804705.41
"AZ","Azerbaijan",2005,912132.56
"AZ","Azerbaijan",2006,378208.24
"AZ","Azerbaijan",2007,421541.31
"AZ","Azerbaijan",2008,1860064.61
"AZ","Azerbaijan",2009,522338.78
"AZ","Azerbaijan",2010,563295.34
"AZ","Azerbaijan",2011,435495.75
"AZ","Azerbaijan",2012,837930.02
"AZ","Azerbaijan",2013,642806.69
"AZ","Azerbaijan",2014,570069.38
"AZ","Azerbaijan",2015,720416.31
"BD","Bangladesh",1974,0
"BD","Bangladesh",1989,0
"BD","Bangladesh",1991,0
"BD","Bangladesh",1996,515640.49
"BD","Bangladesh",1997,656720.84
"BD","Bangladesh",1998,44449.79
"BD","Bangladesh",1999,466460.78
"BD","Bangladesh",2000,641654.32
"BD","Bangladesh",2001,2170290.28
"BD","Bangladesh",2002,2052726.25
"BD","Bangladesh",2003,2235647.27
"BD","Bangladesh",2004,1253770.04
"BD","Bangladesh",2005,2917025.5
"BD","Bangladesh",2006,619541.83
"BD","Bangladesh",2007,599611.97
"BD","Bangladesh",2008,569740.27
"BD","Bangladesh",2009,506105.22
"BD","Bangladesh",2010,483487.98
"BD","Bangladesh",2011,589263.4
"BD","Bangladesh",2012,478037.27
"BD","Bangladesh",2013,409568.09
"BD","Bangladesh",2014,457057.62
"BD","Bangladesh",2015,831200.69
"BB","Barbados",1991,0
"BB","Barbados",1996,7104.85
"BB","Barbados",1998,0
"BY","Belarus",2005,1996625.29
"BY","Belarus",2006,576287.52
"BY","Belarus",2007,1268343.2
"BY","Belarus",2008,760268.18
"BY","Belarus",2009,902390.5
"BY","Belarus",2010,5379466.87
"BY","Belarus",2011,782855.79
"BY","Belarus",2012,1030372.62
"BY","Belarus",2013,1007503.42
"BY","Belarus",2014,2827262.18
"BY","Belarus",2015,1194984.84
"BZ","Belize",2003,31677.25
"BZ","Belize",2005,40266.81
"BZ","Belize",2006,14771.65
"BZ","Belize",2007,21842.15
"BZ","Belize",2009,41588.93
"BZ","Belize",2015,24981.95
"BJ","Benin",1991,0
"BJ","Benin",1996,7535.46
"BJ","Benin",1998,0
"BJ","Benin",1999,29173.67
"BJ","Benin",2000,30251.94
"BJ","Benin",2001,288163.54
"BJ","Benin",2003,34756.87
"BJ","Benin",2004,55616.58
"BJ","Benin",2005,38647.77
"BJ","Benin",2006,16800.63
"BJ","Benin",2007,11038.82
"BJ","Benin",2008,18519.79
"BJ","Benin",2009,11614.85
"BJ","Benin",2010,82969.97
"BJ","Benin",2011,40134.32
"BJ","Benin",2012,24994.82
"BJ","Benin",2013,31426.2
"BJ","Benin",2014,30025.38
"BJ","Benin",2015,34272.74
"BT","Bhutan",1991,0
"BT","Bhutan",1995,0
"BT","Bhutan",1996,1603328.44
"BT","Bhutan",1997,895749.99
"BT","Bhutan",1998,1836870
"BT","Bhutan",1999,4416210.43
"BT","Bhutan",2000,2008105
"BT","Bhutan",2001,8031831.27
"BT","Bhutan",2002,5514259.53
"BT","Bhutan",2003,4189279.95
"BT","Bhutan",2004,1615242.64
"BT","Bhutan",2005,3864606.52
"BT","Bhutan",2006,1794113.63
"BT","Bhutan",2007,2596055.3
"BT","Bhutan",2008,3505459.43
"BT","Bhutan",2009,3983779.6
"BT","Bhutan",2010,4055322.46
"BT","Bhutan",2011,2240790.19
"BT","Bhutan",2012,3622669.06
"BT","Bhutan",2013,7059480.31
"BT","Bhutan",2014,2739944.12
"BT","Bhutan",2015,2775203.88
"bilateral-unspecified","Bilateral, unspecified",1989,0
"bilateral-unspecified","Bilateral, unspecified",1990,17226.07
"bilateral-unspecified","Bilateral, unspecified",1991,0
"bilateral-unspecified","Bilateral, unspecified",1993,0
"bilateral-unspecified","Bilateral, unspecified",1996,28017359.48
"bilateral-unspecified","Bilateral, unspecified",1997,18893685.89
"bilateral-unspecified","Bilateral, unspecified",1998,17013978.5
"bilateral-unspecified","Bilateral, unspecified",1999,18460891.74
"bilateral-unspecified","Bilateral, unspecified",2000,18958287.43
"bilateral-unspecified","Bilateral, unspecified",2001,25695198.04
"bilateral-unspecified","Bilateral, unspecified",2002,49234883.6
"bilateral-unspecified","Bilateral, unspecified",2003,50007343.4
"bilateral-unspecified","Bilateral, unspecified",2004,49176048.18
"bilateral-unspecified","Bilateral, unspecified",2005,51035656.49
"bilateral-unspecified","Bilateral, unspecified",2006,98182462.22
"bilateral-unspecified","Bilateral, unspecified",2007,110719560.29
"bilateral-unspecified","Bilateral, unspecified",2008,105781990.44
"bilateral-unspecified","Bilateral, unspecified",2009,107781783.98
"bilateral-unspecified","Bilateral, unspecified",2010,105156735.53
"bilateral-unspecified","Bilateral, unspecified",2011,112503106.9
"bilateral-unspecified","Bilateral, unspecified",2012,121221591.95
"bilateral-unspecified","Bilateral, unspecified",2013,129899523.55
"bilateral-unspecified","Bilateral, unspecified",2014,172902298.01
"bilateral-unspecified","Bilateral, unspecified",2015,514140033.34
"BO","Bolivia",1991,0
"BO","Bolivia",1996,3609055.85
"BO","Bolivia",1997,245844.14
"BO","Bolivia",1998,157112.57
"BO","Bolivia",1999,166691.38
"BO","Bolivia",2000,137490.04
"BO","Bolivia",2001,99421006.04
"BO","Bolivia",2002,378280.62
"BO","Bolivia",2003,290168.11
"BO","Bolivia",2004,366591.85
"BO","Bolivia",2005,259450.66
"BO","Bolivia",2006,191074.83
"BO","Bolivia",2007,344356.42
"BO","Bolivia",2008,217662.92
"BO","Bolivia",2009,233178.17
"BO","Bolivia",2010,274983.83
"BO","Bolivia",2011,209067.62
"BO","Bolivia",2012,262147.23
"BO","Bolivia",2013,153757.9
"BO","Bolivia",2014,210642.25
"BO","Bolivia",2015,131570.95
"BA","Bosnia & Herzegovina",1996,104703918.11
"BA","Bosnia & Herzegovina",1997,16442481.83
"BA","Bosnia & Herzegovina",1998,0
"BA","Bosnia & Herzegovina",1999,20619181.72
"BA","Bosnia & Herzegovina",2000,34082613.01
"BA","Bosnia & Herzegovina",2001,22282795.35
"BA","Bosnia & Herzegovina",2002,16207632.55
"BA","Bosnia & Herzegovina",2003,18447233.25
"BA","Bosnia & Herzegovina",2004,20206530.05
"BA","Bosnia & Herzegovina",2005,27465660.54
"BA","Bosnia & Herzegovina",2006,29929651.59
"BA","Bosnia & Herzegovina",2007,30625591.31
"BA","Bosnia & Herzegovina",2008,32943289.81
"BA","Bosnia & Herzegovina",2009,25095105.42
"BA","Bosnia & Herzegovina",2010,28666666.2
"BA","Bosnia & Herzegovina",2011,22992147.41
"BA","Bosnia & Herzegovina",2012,25078596.36
"BA","Bosnia & Herzegovina",2013,19546935.61
"BA","Bosnia & Herzegovina",2014,24035900.88
"BA","Bosnia & Herzegovina",2015,20218220.47
"BW","Botswana",1991,0
"BW","Botswana",2005,10122.66
"BW","Botswana",2008,8622.17
"BW","Botswana",2009,9107.03
"BW","Botswana",2010,1147.82
"BR","Brazil",1977,0
"BR","Brazil",1978,0
"BR","Brazil",1979,0
"BR","Brazil",1980,0
"BR","Brazil",1990,0
"BR","Brazil",1991,0
"BR","Brazil",1996,2255360.93
"BR","Brazil",1997,1753064.56
"BR","Brazil",1998,312103.23
"BR","Brazil",1999,1919011.5
"BR","Brazil",2000,1697656.36
"BR","Brazil",2001,2905385.81
"BR","Brazil",2002,2583988.78
"BR","Brazil",2003,1781347.68
"BR","Brazil",2004,1794029.46
"BR","Brazil",2005,2110633.27
"BR","Brazil",2006,2849346.77
"BR","Brazil",2007,2704844.89
"BR","Brazil",2008,2722595.36
"BR","Brazil",2009,2196117.11
"BR","Brazil",2010,1788805.66
"BR","Brazil",2011,1352798.14
"BR","Brazil",2012,1207464.01
"BR","Brazil",2013,1200974.39
"BR","Brazil",2014,1340558.68
"BR","Brazil",2015,1612501.9
"BF","Burkina Faso",1979,0
"BF","Burkina Faso",1989,0
"BF","Burkina Faso",1991,0
"BF","Burkina Faso",1996,4208334.84
"BF","Burkina Faso",1997,1724527.97
"BF","Burkina Faso",1998,3289179.1
"BF","Burkina Faso",1999,3444497.16
"BF","Burkina Faso",2000,2777234.93
"BF","Burkina Faso",2001,4610213.81
"BF","Burkina Faso",2002,11821251.6
"BF","Burkina Faso",2003,3209968.62
"BF","Burkina Faso",2004,5531370.78
"BF","Burkina Faso",2005,4369079.45
"BF","Burkina Faso",2006,5615647.94
"BF","Burkina Faso",2007,4337269.22
"BF","Burkina Faso",2008,6596803.55
"BF","Burkina Faso",2009,6251518.23
"BF","Burkina Faso",2010,4519144.65
"BF","Burkina Faso",2011,6008663
"BF","Burkina Faso",2012,6635161.94
"BF","Burkina Faso",2013,6296516.97
"BF","Burkina Faso",2014,4125511.3
"BF","Burkina Faso",2015,4452375.87
"BI","Burundi",1988,0
"BI","Burundi",1989,0
"BI","Burundi",1990,0
"BI","Burundi",1991,0
"BI","Burundi",1996,826853.77
"BI","Burundi",1997,20868.59
"BI","Burundi",1998,340322.55
"BI","Burundi",1999,1654123.87
"BI","Burundi",2000,2054837.07
"BI","Burundi",2001,764376.07
"BI","Burundi",2002,1386565.21
"BI","Burundi",2003,1653951.41
"BI","Burundi",2004,787812.73
"BI","Burundi",2005,1244837.34
"BI","Burundi",2006,498371.41
"BI","Burundi",2007,673966.93
"BI","Burundi",2008,15851768.29
"BI","Burundi",2009,328928.51
"BI","Burundi",2010,413338.04
"BI","Burundi",2011,733563.14
"BI","Burundi",2012,213943.48
"BI","Burundi",2013,149937.31
"BI","Burundi",2014,63324.47
"BI","Burundi",2015,19644.2
"CI","Côte d'Ivoire",1979,0
"CI","Côte d'Ivoire",1991,0
"CI","Côte d'Ivoire",1996,60175.93
"CI","Côte d'Ivoire",1998,0
"CI","Côte d'Ivoire",1999,54753.37
"CI","Côte d'Ivoire",2000,79698.24
"CI","Côte d'Ivoire",2001,3325394.51
"CI","Côte d'Ivoire",2002,3828702.42
"CI","Côte d'Ivoire",2003,3490630.71
"CI","Côte d'Ivoire",2004,3302186.71
"CI","Côte d'Ivoire",2005,3315254.87
"CI","Côte d'Ivoire",2006,3716636.5
"CI","Côte d'Ivoire",2007,4525018.68
"CI","Côte d'Ivoire",2008,4444690.77
"CI","Côte d'Ivoire",2009,15525461.91
"CI","Côte d'Ivoire",2010,4068112
"CI","Côte d'Ivoire",2011,1531772.72
"CI","Côte d'Ivoire",2012,89313605.04
"CI","Côte d'Ivoire",2013,58169.62
"CI","Côte d'Ivoire",2014,47745.1
"CI","Côte d'Ivoire",2015,35169.96
"KH","Cambodia",1989,0
"KH","Cambodia",1991,0
"KH","Cambodia",1996,163626.97
"KH","Cambodia",1998,0
"KH","Cambodia",1999,474493.65
"KH","Cambodia",2000,642697.74
"KH","Cambodia",2001,130211.05
"KH","Cambodia",2004,14056.05
"KH","Cambodia",2005,47151.27
"KH","Cambodia",2006,20677.65
"KH","Cambodia",2008,175206.09
"KH","Cambodia",2009,10164.17
"KH","Cambodia",2010,33924.22
"KH","Cambodia",2011,504967.44
"KH","Cambodia",2012,641394.02
"KH","Cambodia",2013,35108.65
"KH","Cambodia",2014,78178.95
"KH","Cambodia",2015,48145.57
"CM","Cameroon",1977,0
"CM","Cameroon",1991,0
"CM","Cameroon",1996,1838325.55
"CM","Cameroon",1997,455274.58
"CM","Cameroon",1998,159127.73
"CM","Cameroon",1999,533475.62
"CM","Cameroon",2000,334024.07
"CM","Cameroon",2001,212195858.15
"CM","Cameroon",2002,11031311.56
"CM","Cameroon",2003,8701964.9
"CM","Cameroon",2004,67484420.37
"CM","Cameroon",2005,8059516.32
"CM","Cameroon",2006,456602130.19
"CM","Cameroon",2007,469942.93
"CM","Cameroon",2008,482142.23
"CM","Cameroon",2009,427719.28
"CM","Cameroon",2010,308579.92
"CM","Cameroon",2011,270660.42
"CM","Cameroon",2012,360053.85
"CM","Cameroon",2013,218782.28
"CM","Cameroon",2014,237342.67
"CM","Cameroon",2015,334168.11
"CV","Cape Verde",1989,0
"CV","Cape Verde",1991,0
"CV","Cape Verde",1996,1607958.46
"CV","Cape Verde",1997,3352060.94
"CV","Cape Verde",1998,2740928.9
"CV","Cape Verde",1999,3426420.95
"CV","Cape Verde",2000,5063039.1
"CV","Cape Verde",2001,2854612.92
"CV","Cape Verde",2002,2860744.22
"CV","Cape Verde",2003,3575797.39
"CV","Cape Verde",2004,2189541.87
"CV","Cape Verde",2005,2650926.77
"CV","Cape Verde",2006,3172771.29
"CV","Cape Verde",2007,2346004.64
"CV","Cape Verde",2008,2382410.67
"CV","Cape Verde",2009,2246314.05
"CV","Cape Verde",2010,3964663.72
"CV","Cape Verde",2011,403739.12
"CV","Cape Verde",2012,492267.95
"CV","Cape Verde",2013,187862.09
"CV","Cape Verde",2014,224488.2
"CV","Cape Verde",2015,542803.09
"CF","CAR",1991,0
"CF","CAR",1996,7104.85
"CF","CAR",1998,0
"CF","CAR",1999,864426.84
"CF","CAR",2001,311913.07
"CF","CAR",2002,201656.79
"CF","CAR",2003,156516.16
"CF","CAR",2004,143369.01
"CF","CAR",2005,142217.46
"CF","CAR",2006,157667.78
"CF","CAR",2007,323805.38
"CF","CAR",2008,1529062.37
"CF","CAR",2009,75082.84
"CF","CAR",2010,4755558.42
"CF","CAR",2011,19529.19
"CF","CAR",2014,881845.44
"CF","CAR",2015,117302.89
"central-asia","Central Asia, regional",2005,403286.96
"central-asia","Central Asia, regional",2006,630139.79
"central-asia","Central Asia, regional",2007,168847.64
"central-asia","Central Asia, regional",2008,2371802.44
"central-asia","Central Asia, regional",2009,3103275.11
"central-asia","Central Asia, regional",2010,3284237.18
"central-asia","Central Asia, regional",2011,4392778.3
"central-asia","Central Asia, regional",2012,623538.72
"central-asia","Central Asia, regional",2013,27393638.53
"central-asia","Central Asia, regional",2014,11719980.09
"central-asia","Central Asia, regional",2015,3283282.93
"TD","Chad",1991,0
"TD","Chad",2004,1512.28
"TD","Chad",2005,4383.42
"TD","Chad",2007,1213871.08
"TD","Chad",2008,24640905.11
"TD","Chad",2009,17241161.98
"TD","Chad",2010,35379.67
"TD","Chad",2012,777.54
"TD","Chad",2014,231705.45
"TD","Chad",2015,83527.5
"CL","Chile",1989,0
"CL","Chile",1991,0
"CL","Chile",1996,952374.11
"CL","Chile",1997,307065.77
"CL","Chile",1998,53042.66
"CL","Chile",1999,295118.74
"CL","Chile",2000,420710.84
"CL","Chile",2001,460754.87
"CL","Chile",2002,243378.83
"CL","Chile",2003,209173.89
"CL","Chile",2004,124762.57
"CL","Chile",2005,139532.11
"CL","Chile",2006,83654.19
"CL","Chile",2007,168146.32
"CL","Chile",2008,184481.62
"CL","Chile",2009,166524.64
"CL","Chile",2010,388178.32
"CL","Chile",2011,192056.37
"CL","Chile",2012,257743.33
"CL","Chile",2013,260588.67
"CL","Chile",2014,395398.3
"CL","Chile",2015,265200.6
"CN","China",1987,0
"CN","China",1988,0
"CN","China",1989,83193734.8
"CN","China",1990,149889234.58
"CN","China",1991,137378358.89
"CN","China",1992,16330412.94
"CN","China",1993,16937826.74
"CN","China",1994,7503021.52
"CN","China",1995,9755927.74
"CN","China",1996,6144187.96
"CN","China",1997,5219413.95
"CN","China",1998,5074182.21
"CN","China",1999,3641210.13
"CN","China",2000,5582049.59
"CN","China",2001,47341441.94
"CN","China",2002,3818962.54
"CN","China",2003,4557281.01
"CN","China",2004,7194760
"CN","China",2005,10588468.51
"CN","China",2006,11298546.97
"CN","China",2007,16686914.52
"CN","China",2008,17629725.11
"CN","China",2009,11306541.26
"CN","China",2010,15641038.86
"CN","China",2011,17797837.07
"CN","China",2012,14576315.55
"CN","China",2013,17428087.64
"CN","China",2014,10368540.49
"CN","China",2015,6836527.13
"CO","Colombia",1974,0
"CO","Colombia",1989,0
"CO","Colombia",1991,0
"CO","Colombia",1996,904685.03
"CO","Colombia",1997,470926.96
"CO","Colombia",1998,302555.38
"CO","Colombia",1999,886835.96
"CO","Colombia",2000,553714.88
"CO","Colombia",2001,803787.96
"CO","Colombia",2002,777421.56
"CO","Colombia",2003,635756.94
"CO","Colombia",2004,753585.83
"CO","Colombia",2005,1047226.99
"CO","Colombia",2006,947348.29
"CO","Colombia",2007,807709.51
"CO","Colombia",2008,685026.8
"CO","Colombia",2009,853591.88
"CO","Colombia",2010,774988.27
"CO","Colombia",2011,754531.78
"CO","Colombia",2012,860832.34
"CO","Colombia",2013,697750.85
"CO","Colombia",2014,727920.58
"CO","Colombia",2015,923485.91
"KM","Comoros",1991,0
"KM","Comoros",2004,1242.23
"KM","Comoros",2005,4383.42
"CG","Congo",1991,0
"CG","Congo",1996,21422.21
"CG","Congo",1998,0
"CG","Congo",1999,110035.31
"CG","Congo",2000,85018.47
"CG","Congo",2001,263493.33
"CG","Congo",2002,73709.06
"CG","Congo",2003,111585.04
"CG","Congo",2004,125100.03
"CG","Congo",2005,3338581.39
"CG","Congo",2006,56320.86
"CG","Congo",2007,39735.66
"CG","Congo",2008,44384.5
"CG","Congo",2009,76968.93
"CG","Congo",2010,42564.67
"CG","Congo",2011,8904.64
"CG","Congo",2012,25531.18
"CG","Congo",2013,44971.15
"CG","Congo",2014,9144.08
"CG","Congo",2015,18031.9
"CR","Costa Rica",1991,0
"CR","Costa Rica",1996,29173
"CR","Costa Rica",1997,395118.21
"CR","Costa Rica",1998,198591.95
"CR","Costa Rica",1999,13635.49
"CR","Costa Rica",2000,351444.19
"CR","Costa Rica",2001,517159.09
"CR","Costa Rica",2002,211391.3
"CR","Costa Rica",2003,421565.23
"CR","Costa Rica",2004,107195.88
"CR","Costa Rica",2005,5383.82
"CR","Costa Rica",2006,75473.64
"CR","Costa Rica",2007,122533.43
"CR","Costa Rica",2008,197232.53
"CR","Costa Rica",2009,159142.06
"CR","Costa Rica",2010,226472.74
"CR","Costa Rica",2011,178108.94
"CR","Costa Rica",2012,205068.84
"CR","Costa Rica",2013,104002.63
"CR","Costa Rica",2014,103218.24
"CR","Costa Rica",2015,128228.5
"HR","Croatia",1996,6988161.18
"HR","Croatia",1997,3144340.2
"HR","Croatia",1998,0
"HR","Croatia",1999,6608882.03
"HR","Croatia",2000,7449395.3
"HR","Croatia",2001,5669613.79
"HR","Croatia",2002,4846720.71
"HR","Croatia",2003,4387518.9
"HR","Croatia",2004,5315900.12
"HR","Croatia",2005,5384957.94
"HR","Croatia",2006,6454644.06
"HR","Croatia",2007,8144199.78
"HR","Croatia",2008,7895310.49
"HR","Croatia",2009,4690158.07
"HR","Croatia",2010,5221049.78
"CU","Cuba",1974,0
"CU","Cuba",1984,0
"CU","Cuba",1991,0
"CU","Cuba",1996,196136.77
"CU","Cuba",1998,0
"CU","Cuba",1999,118279.98
"CU","Cuba",2000,75004.08
"CU","Cuba",2001,135022.47
"CU","Cuba",2002,326822.99
"CU","Cuba",2003,122240.44
"CU","Cuba",2004,108235.57
"CU","Cuba",2005,99647.03
"CU","Cuba",2006,78368.43
"CU","Cuba",2007,64526.19
"CU","Cuba",2008,89135.62
"CU","Cuba",2009,51624.99
"CU","Cuba",2010,60956.19
"CU","Cuba",2011,188805.99
"CU","Cuba",2012,80785.74
"CU","Cuba",2013,108429.15
"CU","Cuba",2014,116123.18
"CU","Cuba",2015,108536.7
"CY","Cyprus",1981,0
"CY","Cyprus",1989,0
"CY","Cyprus",1990,0
"CY","Cyprus",1991,0
"CY","Cyprus",1993,0
"CY","Cyprus",1996,494110.79
"DM","Dominica",1991,0
"DM","Dominica",2004,1876.84
"DM","Dominica",2005,4383.42
"DO","Dominican Republic",1991,0
"DO","Dominican Republic",1996,21960.52
"DO","Dominican Republic",1998,0
"DO","Dominican Republic",1999,34141.57
"DO","Dominican Republic",2004,13961.53
"DO","Dominican Republic",2005,3949.02
"DO","Dominican Republic",2006,2584.72
"DO","Dominican Republic",2007,8656.95
"DO","Dominican Republic",2008,18486.13
"DO","Dominican Republic",2009,9107.03
"DO","Dominican Republic",2010,18382.98
"DO","Dominican Republic",2011,26714
"DO","Dominican Republic",2012,33950.29
"DO","Dominican Republic",2013,28026.49
"DO","Dominican Republic",2014,27432.33
"DO","Dominican Republic",2015,40195
"CD","DRC",1989,0
"CD","DRC",1990,0
"CD","DRC",1991,0
"CD","DRC",1996,1111261.51
"CD","DRC",1997,638512.29
"CD","DRC",1998,45722.77
"CD","DRC",1999,769612.4
"CD","DRC",2000,3596541.33
"CD","DRC",2001,4853532.3
"CD","DRC",2002,8005069.81
"CD","DRC",2003,6147779.09
"CD","DRC",2004,3308843.33
"CD","DRC",2005,338391.37
"CD","DRC",2006,4540192.43
"CD","DRC",2007,5500445.7
"CD","DRC",2008,5493842.01
"CD","DRC",2009,2123849.45
"CD","DRC",2010,118019084.78
"CD","DRC",2011,602489.25
"CD","DRC",2012,220174.39
"CD","DRC",2013,333858.54
"CD","DRC",2014,354227.4
"CD","DRC",2015,377096.4
"EC","Ecuador",1991,0
"EC","Ecuador",1996,136822.17
"EC","Ecuador",1998,0
"EC","Ecuador",1999,165528.56
"EC","Ecuador",2000,149173.62
"EC","Ecuador",2001,820474.26
"EC","Ecuador",2002,689804.88
"EC","Ecuador",2003,676110.01
"EC","Ecuador",2004,454465.04
"EC","Ecuador",2005,294715.58
"EC","Ecuador",2006,210369.51
"EC","Ecuador",2007,298450.33
"EC","Ecuador",2008,275385.41
"EC","Ecuador",2009,269784.52
"EC","Ecuador",2010,213260.06
"EC","Ecuador",2011,231571.82
"EC","Ecuador",2012,350907.53
"EC","Ecuador",2013,304128.86
"EC","Ecuador",2014,3324059.34
"EC","Ecuador",2015,2450893.18
"EG","Egypt",1977,0
"EG","Egypt",1978,0
"EG","Egypt",1981,0
"EG","Egypt",1982,0
"EG","Egypt",1983,0
"EG","Egypt",1984,0
"EG","Egypt",1985,0
"EG","Egypt",1986,0
"EG","Egypt",1989,6857562.16
"EG","Egypt",1990,0
"EG","Egypt",1991,0
"EG","Egypt",1992,3955029.5
"EG","Egypt",1993,359746.26
"EG","Egypt",1994,2814.06
"EG","Egypt",1995,1900412.16
"EG","Egypt",1996,2748769.23
"EG","Egypt",1997,2738978.53
"EG","Egypt",1998,317002.7
"EG","Egypt",1999,1956639.98
"EG","Egypt",2000,1797070.43
"EG","Egypt",2001,36718217.14
"EG","Egypt",2002,28910678.75
"EG","Egypt",2003,21994092.53
"EG","Egypt",2004,19822950.26
"EG","Egypt",2005,19730355.09
"EG","Egypt",2006,21741343.06
"EG","Egypt",2007,24143372.57
"EG","Egypt",2008,24121584.05
"EG","Egypt",2009,10035755.11
"EG","Egypt",2010,6699673.4
"EG","Egypt",2011,7449175.67
"EG","Egypt",2012,6168885.27
"EG","Egypt",2013,4315128.3
"EG","Egypt",2014,2588459.57
"EG","Egypt",2015,3540606.78
"SV","El Salvador",1989,0
"SV","El Salvador",1991,0
"SV","El Salvador",1996,1696876.45
"SV","El Salvador",1997,1747314.81
"SV","El Salvador",1998,1371791.36
"SV","El Salvador",1999,1686995.49
"SV","El Salvador",2000,1422468.78
"SV","El Salvador",2001,2179705.87
"SV","El Salvador",2002,1731465.62
"SV","El Salvador",2003,1581041.5
"SV","El Salvador",2004,1354064.05
"SV","El Salvador",2005,1425584.08
"SV","El Salvador",2006,1431711.07
"SV","El Salvador",2007,906649.91
"SV","El Salvador",2008,723478.32
"SV","El Salvador",2009,630603.53
"SV","El Salvador",2010,400519.83
"SV","El Salvador",2011,456605.36
"SV","El Salvador",2012,630121.65
"SV","El Salvador",2013,788319.54
"SV","El Salvador",2014,714577
"SV","El Salvador",2015,428938.49
"GQ","Equatorial Guinea",1991,0
"GQ","Equatorial Guinea",1996,7104.85
"GQ","Equatorial Guinea",1998,0
"GQ","Equatorial Guinea",2003,14889.92
"GQ","Equatorial Guinea",2004,11814.62
"GQ","Equatorial Guinea",2005,8753.67
"GQ","Equatorial Guinea",2008,10427.02
"GQ","Equatorial Guinea",2009,9992.14
"GQ","Equatorial Guinea",2010,10067.8
"GQ","Equatorial Guinea",2011,9764.59
"GQ","Equatorial Guinea",2012,19352.14
"GQ","Equatorial Guinea",2013,20345.49
"GQ","Equatorial Guinea",2014,19922.96
"GQ","Equatorial Guinea",2015,19644.2
"ER","Eritrea",1996,13886.76
"ER","Eritrea",1998,0
"ER","Eritrea",1999,39955.15
"ER","Eritrea",2000,140828.12
"ER","Eritrea",2001,25182.39
"ER","Eritrea",2002,1483915.12
"ER","Eritrea",2003,1144640.62
"ER","Eritrea",2004,187927.12
"ER","Eritrea",2005,131923.85
"ER","Eritrea",2006,370726.02
"ER","Eritrea",2007,86250.95
"ER","Eritrea",2008,2626.99
"ER","Eritrea",2009,1181.41
"ER","Eritrea",2010,14844
"ER","Eritrea",2011,5665.85
"ET","Ethiopia",1988,0
"ET","Ethiopia",1989,0
"ET","Ethiopia",1991,0
"ET","Ethiopia",1996,1606235.57
"ET","Ethiopia",1997,2145307.39
"ET","Ethiopia",1998,2419489.41
"ET","Ethiopia",1999,5228102.4
"ET","Ethiopia",2000,2647568.9
"ET","Ethiopia",2001,10982771.63
"ET","Ethiopia",2002,6667188.76
"ET","Ethiopia",2003,9184377.49
"ET","Ethiopia",2004,5516950.31
"ET","Ethiopia",2005,8092455.78
"ET","Ethiopia",2006,18331922.33
"ET","Ethiopia",2007,6779704.59
"ET","Ethiopia",2008,17786595.37
"ET","Ethiopia",2009,11082852.54
"ET","Ethiopia",2010,8840299.11
"ET","Ethiopia",2011,10254857.39
"ET","Ethiopia",2012,7604850.29
"ET","Ethiopia",2013,9151768.17
"ET","Ethiopia",2014,8200562.25
"ET","Ethiopia",2015,8100381.08
"europe","Europe, regional",1996,14532.66
"europe","Europe, regional",1997,110092.26
"europe","Europe, regional",1999,1059023.41
"europe","Europe, regional",2000,4299013.92
"europe","Europe, regional",2001,2603404.82
"europe","Europe, regional",2002,2896904.7
"europe","Europe, regional",2003,3999680.74
"europe","Europe, regional",2004,4291306.61
"europe","Europe, regional",2005,8023797.84
"europe","Europe, regional",2006,7498424.78
"europe","Europe, regional",2007,10107232.54
"europe","Europe, regional",2008,15223552.55
"europe","Europe, regional",2009,18795969.64
"europe","Europe, regional",2010,24625630.6
"europe","Europe, regional",2011,5785625.04
"europe","Europe, regional",2012,10839762.07
"europe","Europe, regional",2013,8318825.51
"europe","Europe, regional",2014,8400897.29
"europe","Europe, regional",2015,9750494.52
"east-asia","Far East Asia, regional",1996,127026.15
"east-asia","Far East Asia, regional",2004,0
"east-asia","Far East Asia, regional",2005,0
"east-asia","Far East Asia, regional",2007,23635.07
"east-asia","Far East Asia, regional",2008,129020.51
"east-asia","Far East Asia, regional",2009,23871.73
"east-asia","Far East Asia, regional",2010,66979.46
"FJ","Fiji",2009,20243.16
"FJ","Fiji",2014,0
"FJ","Fiji",2015,48767.3
"PF","French Polynesia",1991,0
"GA","Gabon",2000,39014.72
"GA","Gabon",2001,12795.91
"GA","Gabon",2004,12719.28
"GA","Gabon",2005,16427.93
"GA","Gabon",2007,44110.39
"GA","Gabon",2008,8071.58
"GA","Gabon",2009,1102.62
"GA","Gabon",2014,78734.82
"GA","Gabon",2015,372684.4
"GM","Gambia",1990,4445835.84
"GM","Gambia",1991,8781252.4
"GM","Gambia",1993,0
"GM","Gambia",1994,0
"GM","Gambia",1995,0
"GM","Gambia",1996,32294.79
"GM","Gambia",1997,0
"GM","Gambia",1998,0
"GM","Gambia",1999,72934.1
"GM","Gambia",2000,417476.54
"GM","Gambia",2001,323582.75
"GM","Gambia",2002,215564.66
"GM","Gambia",2003,348366.22
"GM","Gambia",2004,837893.74
"GM","Gambia",2005,945935.64
"GM","Gambia",2006,14771.65
"GM","Gambia",2007,21842.15
"GM","Gambia",2008,0
"GM","Gambia",2009,73002.32
"GM","Gambia",2010,90432.57
"GM","Gambia",2011,31282.87
"GM","Gambia",2012,25048.1
"GM","Gambia",2013,106137.59
"GM","Gambia",2014,68014.86
"GM","Gambia",2015,120794.09
"GE","Georgia",1996,367406.53
"GE","Georgia",1997,333578.25
"GE","Georgia",1998,0
"GE","Georgia",1999,920871.18
"GE","Georgia",2000,1179827.24
"GE","Georgia",2001,1356570.43
"GE","Georgia",2002,3471284.21
"GE","Georgia",2003,4017363.52
"GE","Georgia",2004,4699768.07
"GE","Georgia",2005,6272989.15
"GE","Georgia",2006,883067.63
"GE","Georgia",2007,51056088.48
"GE","Georgia",2008,1452117.36
"GE","Georgia",2009,962620.01
"GE","Georgia",2010,1384901.04
"GE","Georgia",2011,1539850.03
"GE","Georgia",2012,4280650.15
"GE","Georgia",2013,3631449.57
"GE","Georgia",2014,2902396.58
"GE","Georgia",2015,3982503.3
"GH","Ghana",1989,0
"GH","Ghana",1991,0
"GH","Ghana",1996,14780211.29
"GH","Ghana",1997,8113388.97
"GH","Ghana",1998,5648416.64
"GH","Ghana",1999,315518.84
"GH","Ghana",2000,1585244.41
"GH","Ghana",2001,9085536.1
"GH","Ghana",2002,540995.18
"GH","Ghana",2003,1895527.52
"GH","Ghana",2004,26718469.67
"GH","Ghana",2005,535724.39
"GH","Ghana",2006,96047.83
"GH","Ghana",2007,140911.27
"GH","Ghana",2008,156759.06
"GH","Ghana",2009,1844473.14
"GH","Ghana",2010,2069603.24
"GH","Ghana",2011,3403095.3
"GH","Ghana",2012,3574534.41
"GH","Ghana",2013,3949586.68
"GH","Ghana",2014,2767375.79
"GH","Ghana",2015,1458265.04
"GD","Grenada",2010,30144.22
"GD","Grenada",2011,15641.39
"GD","Grenada",2012,17832.15
"GD","Grenada",2013,15764.28
"GT","Guatemala",1991,0
"GT","Guatemala",1996,5894225.15
"GT","Guatemala",1997,6893008.75
"GT","Guatemala",1998,3405553.77
"GT","Guatemala",1999,7778480.93
"GT","Guatemala",2000,6050182.16
"GT","Guatemala",2001,7753092.03
"GT","Guatemala",2002,7130300.74
"GT","Guatemala",2003,5542828.15
"GT","Guatemala",2004,7357805.33
"GT","Guatemala",2005,6168687.81
"GT","Guatemala",2006,7207223.55
"GT","Guatemala",2007,6311227.34
"GT","Guatemala",2008,5359247.72
"GT","Guatemala",2009,5823478.95
"GT","Guatemala",2010,5467602.1
"GT","Guatemala",2011,5446975.11
"GT","Guatemala",2012,4940452.88
"GT","Guatemala",2013,4872930.1
"GT","Guatemala",2014,4622925.42
"GT","Guatemala",2015,4669764.64
"GN","Guinea",1991,0
"GN","Guinea",1996,16578
"GN","Guinea",1997,8091.89
"GN","Guinea",1998,0
"GN","Guinea",1999,47671.32
"GN","Guinea",2000,139784.98
"GN","Guinea",2001,3744498.75
"GN","Guinea",2002,788546.46
"GN","Guinea",2003,836462.49
"GN","Guinea",2004,724730.52
"GN","Guinea",2005,671386
"GN","Guinea",2006,510028.04
"GN","Guinea",2007,539603.8
"GN","Guinea",2008,6676507.78
"GN","Guinea",2009,227387.38
"GN","Guinea",2010,138240.27
"GN","Guinea",2011,158836.19
"GN","Guinea",2012,1945459.45
"GN","Guinea",2013,5884297.5
"GN","Guinea",2014,22633.39
"GN","Guinea",2015,44704.83
"GW","Guinea-Bissau",1991,0
"GW","Guinea-Bissau",1996,28096.49
"GW","Guinea-Bissau",1998,0
"GW","Guinea-Bissau",1999,58347.19
"GW","Guinea-Bissau",2000,36302.36
"GW","Guinea-Bissau",2001,29379.47
"GW","Guinea-Bissau",2002,36159.18
"GW","Guinea-Bissau",2003,139041.09
"GW","Guinea-Bissau",2004,116337.1
"GW","Guinea-Bissau",2005,370746.84
"GW","Guinea-Bissau",2006,19023.47
"GW","Guinea-Bissau",2008,16143.14
"GW","Guinea-Bissau",2009,15862.77
"GW","Guinea-Bissau",2011,1893.25
"GW","Guinea-Bissau",2012,2925.4
"GY","Guyana",2009,1378.81
"GY","Guyana",2011,15641.39
"HT","Haiti",1991,0
"HT","Haiti",1996,1094794.06
"HT","Haiti",1997,429722.1
"HT","Haiti",1998,0
"HT","Haiti",1999,365092.98
"HT","Haiti",2001,59475.35
"HT","Haiti",2004,270.05
"HT","Haiti",2007,73689.39
"HT","Haiti",2008,582578.36
"HT","Haiti",2010,8128661.61
"HT","Haiti",2011,504282.41
"HT","Haiti",2012,133719.47
"HT","Haiti",2013,457162.9
"HT","Haiti",2014,43866.54
"HT","Haiti",2015,33277.9
"HN","Honduras",1991,0
"HN","Honduras",1996,57807.65
"HN","Honduras",1998,0
"HN","Honduras",1999,24205.64
"HN","Honduras",2000,18464.17
"HN","Honduras",2002,9735.15
"HN","Honduras",2003,23785.36
"HN","Honduras",2004,36645.63
"HN","Honduras",2005,27195.65
"HN","Honduras",2006,23675.94
"HN","Honduras",2007,14896.63
"HN","Honduras",2008,24833
"HN","Honduras",2009,39220.58
"HN","Honduras",2010,27574.56
"HN","Honduras",2011,370236.07
"HN","Honduras",2012,2097122.34
"HN","Honduras",2013,3545844.59
"HN","Honduras",2014,3698112.72
"HN","Honduras",2015,782722.8
"HK","Hong Kong",1984,0
"HK","Hong Kong",1988,0
"HK","Hong Kong",1989,112625.98
"HK","Hong Kong",1990,194753.67
"HK","Hong Kong",1991,0
"HK","Hong Kong",1993,0
"HK","Hong Kong",1994,0
"HK","Hong Kong",1996,217666.93
"IN","India",1974,0
"IN","India",1976,0
"IN","India",1981,0
"IN","India",1983,0
"IN","India",1986,0
"IN","India",1987,0
"IN","India",1988,0
"IN","India",1989,224220.48
"IN","India",1990,0
"IN","India",1991,0
"IN","India",1993,268668.22
"IN","India",1994,0
"IN","India",1996,824271.31
"IN","India",1997,800990.12
"IN","India",1998,0
"IN","India",1999,888633.27
"IN","India",2000,1435716.55
"IN","India",2001,2127908.3
"IN","India",2002,4012273.09
"IN","India",2003,3556667.52
"IN","India",2004,2635217.25
"IN","India",2005,8487418.5
"IN","India",2006,1774882.89
"IN","India",2007,2366536.75
"IN","India",2008,2098861.56
"IN","India",2009,2055408.85
"IN","India",2010,1955399.74
"IN","India",2011,1690012.61
"IN","India",2012,2093570.28
"IN","India",2013,2185371.73
"IN","India",2014,2299370.1
"IN","India",2015,3385717.07
"ID","Indonesia",1974,0
"ID","Indonesia",1976,0
"ID","Indonesia",1980,0
"ID","Indonesia",1981,0
"ID","Indonesia",1985,0
"ID","Indonesia",1987,0
"ID","Indonesia",1988,0
"ID","Indonesia",1989,26249313.88
"ID","Indonesia",1990,32753014.42
"ID","Indonesia",1991,16760377.65
"ID","Indonesia",1992,25284170.78
"ID","Indonesia",1993,26297072.31
"ID","Indonesia",1994,18019794.72
"ID","Indonesia",1995,11067038.38
"ID","Indonesia",1996,17890800.85
"ID","Indonesia",1997,14097151.29
"ID","Indonesia",1998,13171192.64
"ID","Indonesia",1999,9826584.58
"ID","Indonesia",2000,13029430.51
"ID","Indonesia",2001,62112771.79
"ID","Indonesia",2002,766295.87
"ID","Indonesia",2003,448100.5
"ID","Indonesia",2004,600331.72
"ID","Indonesia",2005,1438312.5
"ID","Indonesia",2006,2718961.15
"ID","Indonesia",2007,1575199.91
"ID","Indonesia",2008,962705.87
"ID","Indonesia",2009,1702571.26
"ID","Indonesia",2010,778041.66
"ID","Indonesia",2011,513715.33
"ID","Indonesia",2012,1067379.4
"ID","Indonesia",2013,1831154.84
"ID","Indonesia",2014,725432.87
"ID","Indonesia",2015,2387893.18
"IR","Iran",1977,0
"IR","Iran",1989,0
"IR","Iran",1991,0
"IR","Iran",1996,10794862.82
"IR","Iran",1997,1304285.32
"IR","Iran",1998,0
"IR","Iran",1999,2318882.32
"IR","Iran",2000,13757966.47
"IR","Iran",2001,5549332.32
"IR","Iran",2002,4984401.86
"IR","Iran",2003,6970804.07
"IR","Iran",2004,6950748.17
"IR","Iran",2005,4665015.09
"IR","Iran",2006,3496483.97
"IR","Iran",2007,3850359.24
"IR","Iran",2008,4118252.53
"IR","Iran",2009,4436359.84
"IR","Iran",2010,4615519.31
"IR","Iran",2011,5288063.95
"IR","Iran",2012,7757152.97
"IR","Iran",2013,7193506.17
"IR","Iran",2014,8039823.69
"IR","Iran",2015,9117627.51
"IQ","Iraq",1981,0
"IQ","Iraq",1982,0
"IQ","Iraq",1985,0
"IQ","Iraq",1989,0
"IQ","Iraq",1990,0
"IQ","Iraq",1991,0
"IQ","Iraq",1993,0
"IQ","Iraq",1994,0
"IQ","Iraq",1996,4214360.26
"IQ","Iraq",1997,3373996.9
"IQ","Iraq",1998,0
"IQ","Iraq",1999,2254825.22
"IQ","Iraq",2000,3829168.82
"IQ","Iraq",2001,2599108.08
"IQ","Iraq",2002,5831363.24
"IQ","Iraq",2003,4717784.6
"IQ","Iraq",2004,3585977.92
"IQ","Iraq",2005,858334702.52
"IQ","Iraq",2006,239126548.13
"IQ","Iraq",2007,467684393.5
"IQ","Iraq",2008,583552030.09
"IQ","Iraq",2009,393138.85
"IQ","Iraq",2010,492533.62
"IQ","Iraq",2011,758680.13
"IQ","Iraq",2012,776127.11
"IQ","Iraq",2013,451803.32
"IQ","Iraq",2014,2479835.36
"IQ","Iraq",2015,3216180.4
"IL","Israel",1989,529625.7
"IL","Israel",1990,0
"IL","Israel",1991,0
"IL","Israel",1993,0
"IL","Israel",1996,667210.76
"JM","Jamaica",1991,0
"JM","Jamaica",1996,21422.21
"JM","Jamaica",1998,0
"JM","Jamaica",1999,13635.49
"JM","Jamaica",2000,18464.17
"JM","Jamaica",2004,9640.75
"JM","Jamaica",2005,4607.2
"JM","Jamaica",2006,8464.93
"JM","Jamaica",2007,8656.95
"JM","Jamaica",2008,34202.86
"JM","Jamaica",2009,81448.24
"JM","Jamaica",2010,90690.65
"JM","Jamaica",2011,84866.52
"JM","Jamaica",2012,56622.93
"JM","Jamaica",2015,18031.9
"JO","Jordan",1981,0
"JO","Jordan",1989,0
"JO","Jordan",1990,0
"JO","Jordan",1991,0
"JO","Jordan",1996,598853.11
"JO","Jordan",1997,525865.95
"JO","Jordan",1998,0
"JO","Jordan",1999,494683.7
"JO","Jordan",2000,414138.6
"JO","Jordan",2001,519514.26
"JO","Jordan",2002,447817.21
"JO","Jordan",2003,437706.11
"JO","Jordan",2004,193463.39
"JO","Jordan",2005,159092.92
"JO","Jordan",2006,73483.32
"JO","Jordan",2007,89453.76
"JO","Jordan",2008,125307.96
"JO","Jordan",2009,110926.97
"JO","Jordan",2010,82198.48
"JO","Jordan",2011,127298.37
"JO","Jordan",2012,805861.28
"JO","Jordan",2013,579691.24
"JO","Jordan",2014,473007.87
"JO","Jordan",2015,777126.1
"KZ","Kazakhstan",1996,14317.34
"KZ","Kazakhstan",1997,297376.74
"KZ","Kazakhstan",1998,0
"KZ","Kazakhstan",1999,1426656.36
"KZ","Kazakhstan",2000,116626.59
"KZ","Kazakhstan",2001,125399.99
"KZ","Kazakhstan",2002,164106.78
"KZ","Kazakhstan",2003,228794.06
"KZ","Kazakhstan",2004,318670.85
"KZ","Kazakhstan",2005,303166.58
"KZ","Kazakhstan",2006,168704.37
"KZ","Kazakhstan",2007,315076.12
"KZ","Kazakhstan",2008,235822.56
"KZ","Kazakhstan",2009,294391.13
"KZ","Kazakhstan",2010,281192.1
"KZ","Kazakhstan",2011,463362.66
"KZ","Kazakhstan",2012,710030.22
"KZ","Kazakhstan",2013,761970.2
"KZ","Kazakhstan",2014,1043526.27
"KZ","Kazakhstan",2015,1760496.84
"KE","Kenya",1978,0
"KE","Kenya",1979,0
"KE","Kenya",1985,0
"KE","Kenya",1986,0
"KE","Kenya",1989,0
"KE","Kenya",1990,0
"KE","Kenya",1991,0
"KE","Kenya",1993,0
"KE","Kenya",1996,1803126.53
"KE","Kenya",1997,2958333.57
"KE","Kenya",1998,1581309.45
"KE","Kenya",1999,1576009.56
"KE","Kenya",2000,873028.71
"KE","Kenya",2001,1076905.01
"KE","Kenya",2002,2243257.9
"KE","Kenya",2003,1238711.21
"KE","Kenya",2004,1844366.5
"KE","Kenya",2005,1798923.94
"KE","Kenya",2006,2823888.95
"KE","Kenya",2007,3058502.55
"KE","Kenya",2008,13562377.44
"KE","Kenya",2009,2237805.11
"KE","Kenya",2010,1498234.59
"KE","Kenya",2011,2359848.09
"KE","Kenya",2012,1054972.94
"KE","Kenya",2013,1371274.85
"KE","Kenya",2014,1748707.87
"KE","Kenya",2015,2844691.66
"KR","Korea",1991,0
"KR","Korea",1996,6270139.98
"KR","Korea",1997,2669997.36
"KR","Korea",1998,0
"KR","Korea",1999,2373638.83
"XK","Kosovo",2009,18717000.8
"XK","Kosovo",2010,15260277.73
"XK","Kosovo",2011,10849518
"XK","Kosovo",2012,10186252.43
"XK","Kosovo",2013,10794011.93
"XK","Kosovo",2014,11255217.12
"XK","Kosovo",2015,7657512.95
"KW","Kuwait",1991,0
"KG","Kyrgyzstan",1996,293344.88
"KG","Kyrgyzstan",1998,0
"KG","Kyrgyzstan",1999,882925.32
"KG","Kyrgyzstan",2000,617036.4
"KG","Kyrgyzstan",2001,164606.74
"KG","Kyrgyzstan",2002,189140.17
"KG","Kyrgyzstan",2003,447261.95
"KG","Kyrgyzstan",2004,554275.8
"KG","Kyrgyzstan",2005,507278.45
"KG","Kyrgyzstan",2006,231564.23
"KG","Kyrgyzstan",2007,385522.61
"KG","Kyrgyzstan",2008,1396553.24
"KG","Kyrgyzstan",2009,659960.95
"KG","Kyrgyzstan",2010,1008186.46
"KG","Kyrgyzstan",2011,988811.42
"KG","Kyrgyzstan",2012,633354.48
"KG","Kyrgyzstan",2013,470112.27
"KG","Kyrgyzstan",2014,328412.25
"KG","Kyrgyzstan",2015,476582.01
"LA","Lao",1989,0
"LA","Lao",2001,65719.84
"LA","Lao",2002,19470.37
"LA","Lao",2003,19234.52
"LA","Lao",2004,19592.01
"LA","Lao",2008,10984.12
"LA","Lao",2009,34351.11
"LA","Lao",2010,801881.71
"LA","Lao",2011,1359332.09
"LA","Lao",2012,1177002.82
"LA","Lao",2013,320233.2
"LA","Lao",2014,1200122.51
"LA","Lao",2015,1068163.09
"LB","Lebanon",1974,0
"LB","Lebanon",1981,0
"LB","Lebanon",1989,0
"LB","Lebanon",1990,0
"LB","Lebanon",1991,0
"LB","Lebanon",1993,0
"LB","Lebanon",1994,0
"LB","Lebanon",1996,396149.79
"LB","Lebanon",1997,226572.38
"LB","Lebanon",1998,0
"LB","Lebanon",1999,188465.81
"LB","Lebanon",2000,165446.9
"LB","Lebanon",2001,157440.83
"LB","Lebanon",2002,152980.88
"LB","Lebanon",2003,249870.4
"LB","Lebanon",2004,108978.23
"LB","Lebanon",2005,358071.4
"LB","Lebanon",2006,1430082.75
"LB","Lebanon",2007,1616471.6
"LB","Lebanon",2008,1375109.67
"LB","Lebanon",2009,112384.99
"LB","Lebanon",2010,130427.02
"LB","Lebanon",2011,146374.6
"LB","Lebanon",2012,485092.1
"LB","Lebanon",2013,1487892.48
"LB","Lebanon",2014,534983.44
"LB","Lebanon",2015,1876479.18
"LS","Lesotho",1976,0
"LS","Lesotho",1991,0
"LS","Lesotho",2003,123738.52
"LS","Lesotho",2007,126391.22
"LS","Lesotho",2012,35664.3
"LS","Lesotho",2013,47292.74
"LS","Lesotho",2015,55106.59
"LR","Liberia",1991,0
"LR","Liberia",1996,290437.43
"LR","Liberia",1997,252445.63
"LR","Liberia",1998,0
"LR","Liberia",1999,19449.06
"LR","Liberia",2000,48403.19
"LR","Liberia",2001,12795.91
"LR","Liberia",2002,115431.07
"LR","Liberia",2003,521381.59
"LR","Liberia",2004,791891.82
"LR","Liberia",2005,352858.09
"LR","Liberia",2010,7147525.48
"LR","Liberia",2011,354985.6
"LR","Liberia",2012,608269.02
"LR","Liberia",2015,0
"LY","Libya",1991,0
"LY","Libya",1996,191939.15
"LY","Libya",1997,210388.46
"LY","Libya",1998,0
"LY","Libya",1999,191530.65
"LY","Libya",2005,211418
"LY","Libya",2006,110005.63
"LY","Libya",2007,492345.28
"LY","Libya",2008,86221.73
"LY","Libya",2009,163926.94
"LY","Libya",2010,91914.9
"LY","Libya",2011,1729473.45
"LY","Libya",2012,543626.62
"LY","Libya",2013,171904.99
"LY","Libya",2014,219458.61
"LY","Libya",2015,257406.73
"MK","Macedonia",1996,276659.11
"MK","Macedonia",1997,242756.31
"MK","Macedonia",1998,0
"MK","Macedonia",1999,4917870.7
"MK","Macedonia",2000,3916064.02
"MK","Macedonia",2001,2880614.49
"MK","Macedonia",2002,3350283.2
"MK","Macedonia",2003,3913288.93
"MK","Macedonia",2004,3372504.9
"MK","Macedonia",2005,4682738.43
"MK","Macedonia",2006,4800624.66
"MK","Macedonia",2007,7395254.42
"MK","Macedonia",2008,3311223.71
"MK","Macedonia",2009,4734843.18
"MK","Macedonia",2010,2505217.91
"MK","Macedonia",2011,2872478.76
"MK","Macedonia",2012,2581788.14
"MK","Macedonia",2013,2112046.02
"MK","Macedonia",2014,1832888.9
"MK","Macedonia",2015,1864677.72
"MG","Madagascar",1984,0
"MG","Madagascar",1991,0
"MG","Madagascar",1996,13456.16
"MG","Madagascar",1997,2106871.5
"MG","Madagascar",1998,0
"MG","Madagascar",1999,800160.06
"MG","Madagascar",2000,35154.87
"MG","Madagascar",2001,15795175.14
"MG","Madagascar",2002,2303057.88
"MG","Madagascar",2003,1848720.42
"MG","Madagascar",2004,1700303.87
"MG","Madagascar",2005,59337626.05
"MG","Madagascar",2006,88565.08
"MG","Madagascar",2007,81760.46
"MG","Madagascar",2008,143403.68
"MG","Madagascar",2009,445594.41
"MG","Madagascar",2010,210752.86
"MG","Madagascar",2011,428647.15
"MG","Madagascar",2012,329541.65
"MG","Madagascar",2013,34632.66
"MG","Madagascar",2014,29884.53
"MG","Madagascar",2015,55927.2
"MW","Malawi",1989,0
"MW","Malawi",1991,0
"MW","Malawi",1992,0
"MW","Malawi",1993,11679770.97
"MW","Malawi",1994,3871741.61
"MW","Malawi",1995,1576410.88
"MW","Malawi",1996,1506229.06
"MW","Malawi",1997,0
"MW","Malawi",1998,0
"MW","Malawi",1999,20506.08
"MW","Malawi",2000,24723.15
"MW","Malawi",2001,86295.65
"MW","Malawi",2002,90397.92
"MW","Malawi",2003,12511.43
"MW","Malawi",2004,16270.44
"MW","Malawi",2005,92315.02
"MW","Malawi",2006,8660656.79
"MW","Malawi",2007,21107265.56
"MW","Malawi",2008,144837.27
"MW","Malawi",2009,338719.46
"MW","Malawi",2010,79165.92
"MW","Malawi",2011,42314.44
"MW","Malawi",2012,47559.52
"MW","Malawi",2013,93009.03
"MW","Malawi",2014,68014.86
"MW","Malawi",2015,58852.41
"MY","Malaysia",1976,0
"MY","Malaysia",1981,0
"MY","Malaysia",1989,0
"MY","Malaysia",1990,0
"MY","Malaysia",1991,0
"MY","Malaysia",1996,101405.64
"MY","Malaysia",1997,138414.01
"MY","Malaysia",1998,0
"MY","Malaysia",1999,27376.75
"MY","Malaysia",2000,37032.55
"MY","Malaysia",2001,39718.55
"MY","Malaysia",2002,19470.37
"MY","Malaysia",2003,67300.3
"MY","Malaysia",2004,38563.01
"MY","Malaysia",2005,60709.63
"MY","Malaysia",2006,42311.72
"MY","Malaysia",2007,67531.57
"MY","Malaysia",2008,63071.26
"MY","Malaysia",2009,98549.55
"MY","Malaysia",2010,71468.15
"MY","Malaysia",2011,124218.41
"MY","Malaysia",2012,156917.48
"MY","Malaysia",2013,93421.63
"MY","Malaysia",2014,95433.79
"MY","Malaysia",2015,97250.2
"MV","Maldives",2003,15838.62
"MV","Maldives",2005,30144.15
"MV","Maldives",2006,10338.83
"MV","Maldives",2007,10493.96
"MV","Maldives",2014,14513.3
"MV","Maldives",2015,62487.15
"ML","Mali",1991,0
"ML","Mali",1996,79014.66
"ML","Mali",1998,0
"ML","Mali",1999,53485.02
"ML","Mali",2000,58834.93
"ML","Mali",2001,63877.13
"ML","Mali",2002,41722.14
"ML","Mali",2003,68070.24
"ML","Mali",2004,118983.49
"ML","Mali",2005,201715.97
"ML","Mali",2006,12018.89
"ML","Mali",2007,27560.24
"ML","Mali",2008,54444.24
"ML","Mali",2009,376776.97
"ML","Mali",2010,175923.49
"ML","Mali",2011,766743.89
"ML","Mali",2012,439083.95
"ML","Mali",2013,929771.93
"ML","Mali",2014,351228.84
"ML","Mali",2015,269061.32
"MT","Malta",1981,0
"MT","Malta",1989,0
"MT","Malta",1990,2378920.39
"MT","Malta",1991,1130675.62
"MT","Malta",1992,58115.94
"MT","Malta",1993,263278.37
"MT","Malta",1994,191355.56
"MT","Malta",1996,48872.77
"MT","Malta",1998,0
"MT","Malta",1999,41012.16
"MT","Malta",2000,30877.93
"MT","Malta",2001,19859.2
"MR","Mauritania",1991,0
"MR","Mauritania",1996,15716.82
"MR","Mauritania",1998,0
"MR","Mauritania",1999,13635.49
"MR","Mauritania",2000,151155.5
"MR","Mauritania",2001,736225.56
"MR","Mauritania",2002,14330146.94
"MR","Mauritania",2003,112052.58
"MR","Mauritania",2004,72143.53
"MR","Mauritania",2005,27629.99
"MR","Mauritania",2006,10338.83
"MR","Mauritania",2007,21869.11
"MR","Mauritania",2008,10427.02
"MR","Mauritania",2012,290127.3
"MR","Mauritania",2014,9961.48
"MU","Mauritius",1982,0
"MU","Mauritius",1991,0
"MU","Mauritius",1996,3660.08
"MU","Mauritius",1998,0
"MU","Mauritius",1999,13635.49
"MU","Mauritius",2000,18464.17
"MU","Mauritius",2001,32757.47
"MU","Mauritius",2006,16929.84
"MU","Mauritius",2007,17313.9
"MU","Mauritius",2008,8622.17
"MU","Mauritius",2009,9107.03
"MU","Mauritius",2010,11487.12
"MU","Mauritius",2011,8904.64
"MU","Mauritius",2012,11834.13
"MU","Mauritius",2013,9342.16
"MU","Mauritius",2014,9144.08
"MU","Mauritius",2015,15621.62
"MX","Mexico",1976,0
"MX","Mexico",1977,0
"MX","Mexico",1982,0
"MX","Mexico",1983,0
"MX","Mexico",1989,0
"MX","Mexico",1990,26250.54
"MX","Mexico",1991,0
"MX","Mexico",1993,0
"MX","Mexico",1994,0
"MX","Mexico",1995,0
"MX","Mexico",1996,628994.42
"MX","Mexico",1997,453039.58
"MX","Mexico",1998,0
"MX","Mexico",1999,514660.92
"MX","Mexico",2000,499157.27
"MX","Mexico",2001,358489.5
"MX","Mexico",2002,413048.96
"MX","Mexico",2003,276391.99
"MX","Mexico",2004,254345.59
"MX","Mexico",2005,273838.2
"MX","Mexico",2006,274586.57
"MX","Mexico",2007,583770.99
"MX","Mexico",2008,555724.5
"MX","Mexico",2009,448733.01
"MX","Mexico",2010,778247.19
"MX","Mexico",2011,1861142.99
"MX","Mexico",2012,1414209.98
"MX","Mexico",2013,1298165.32
"MX","Mexico",2014,1467281.86
"MX","Mexico",2015,1911419.09
"middle-east","Middle East, regional",1989,0
"middle-east","Middle East, regional",1991,0
"middle-east","Middle East, regional",2008,59693.16
"middle-east","Middle East, regional",2009,1217.94
"middle-east","Middle East, regional",2010,7234.61
"middle-east","Middle East, regional",2012,1056063.21
"middle-east","Middle East, regional",2013,1257202.92
"middle-east","Middle East, regional",2014,140597.56
"middle-east","Middle East, regional",2015,7933437.52
"MD","Moldova",1998,0
"MD","Moldova",1999,30970.58
"MD","Moldova",2000,263400.91
"MD","Moldova",2001,236673.22
"MD","Moldova",2002,1180735.26
"MD","Moldova",2003,2546090.59
"MD","Moldova",2004,2810425.62
"MD","Moldova",2005,7039215.32
"MD","Moldova",2006,2030162.53
"MD","Moldova",2007,3650387.71
"MD","Moldova",2008,3873960.65
"MD","Moldova",2009,3095011.68
"MD","Moldova",2010,3363857.82
"MD","Moldova",2011,2595491.06
"MD","Moldova",2012,4073094.25
"MD","Moldova",2013,5631898.23
"MD","Moldova",2014,4018568.87
"MD","Moldova",2015,6784432.33
"MN","Mongolia",1991,0
"MN","Mongolia",1996,20238.08
"MN","Mongolia",1998,0
"MN","Mongolia",1999,81284.44
"MN","Mongolia",2000,1039103.45
"MN","Mongolia",2001,376199.73
"MN","Mongolia",2002,556294.14
"MN","Mongolia",2003,825297.9
"MN","Mongolia",2004,1589104.49
"MN","Mongolia",2005,3450460.41
"MN","Mongolia",2006,461642.3
"MN","Mongolia",2007,643602.1
"MN","Mongolia",2008,756016.04
"MN","Mongolia",2009,1001234.33
"MN","Mongolia",2010,1165820.21
"MN","Mongolia",2011,1056862.34
"MN","Mongolia",2012,1442436.39
"MN","Mongolia",2013,1296924.29
"MN","Mongolia",2014,1447381.44
"MN","Mongolia",2015,8720166.53
"ME","Montenegro",2006,3435210.05
"ME","Montenegro",2007,2741949.58
"ME","Montenegro",2008,3185216.42
"ME","Montenegro",2009,2951097.76
"ME","Montenegro",2010,1979239.56
"ME","Montenegro",2011,988466.96
"ME","Montenegro",2012,1179682.46
"ME","Montenegro",2013,1028346.59
"ME","Montenegro",2014,684598.07
"ME","Montenegro",2015,929003.52
"MA","Morocco",1974,0
"MA","Morocco",1982,0
"MA","Morocco",1989,0
"MA","Morocco",1990,0
"MA","Morocco",1991,0
"MA","Morocco",1996,458263.62
"MA","Morocco",1997,812914.43
"MA","Morocco",1998,975986.53
"MA","Morocco",1999,540451.96
"MA","Morocco",2000,408193.36
"MA","Morocco",2001,752193.62
"MA","Morocco",2002,673117.02
"MA","Morocco",2003,380717.51
"MA","Morocco",2004,877268.58
"MA","Morocco",2005,596776.35
"MA","Morocco",2006,640504.35
"MA","Morocco",2007,332669.22
"MA","Morocco",2008,267155.56
"MA","Morocco",2009,149948.48
"MA","Morocco",2010,165718.18
"MA","Morocco",2011,153272.53
"MA","Morocco",2012,203243.57
"MA","Morocco",2013,189865.89
"MA","Morocco",2014,205633.93
"MA","Morocco",2015,257152.86
"MZ","Mozambique",1984,0
"MZ","Mozambique",1986,0
"MZ","Mozambique",1989,0
"MZ","Mozambique",1991,0
"MZ","Mozambique",1996,3143251.3
"MZ","Mozambique",1997,6390350.83
"MZ","Mozambique",1998,5007338.04
"MZ","Mozambique",1999,5353466.92
"MZ","Mozambique",2000,4522980.1
"MZ","Mozambique",2001,3416402.63
"MZ","Mozambique",2002,31751960.1
"MZ","Mozambique",2003,4172743.93
"MZ","Mozambique",2004,5707009.68
"MZ","Mozambique",2005,4565243.01
"MZ","Mozambique",2006,7158777.58
"MZ","Mozambique",2007,3589481.21
"MZ","Mozambique",2008,10926370.57
"MZ","Mozambique",2009,7749240.42
"MZ","Mozambique",2010,7968975.33
"MZ","Mozambique",2011,8491767.47
"MZ","Mozambique",2012,8204696.4
"MZ","Mozambique",2013,5905991.29
"MZ","Mozambique",2014,6014298.62
"MZ","Mozambique",2015,6174278.74
"MM","Myanmar",1974,0
"MM","Myanmar",1996,13133.22
"MM","Myanmar",1998,0
"MM","Myanmar",2000,12309.41
"MM","Myanmar",2001,16174.03
"MM","Myanmar",2004,130190.17
"MM","Myanmar",2005,51745.32
"MM","Myanmar",2006,38292.5
"MM","Myanmar",2007,37831.04
"MM","Myanmar",2008,917429.09
"MM","Myanmar",2009,408435.91
"MM","Myanmar",2010,15814.49
"MM","Myanmar",2011,39058.37
"MM","Myanmar",2012,55327.85
"MM","Myanmar",2013,30060359.24
"MM","Myanmar",2014,90669932.79
"MM","Myanmar",2015,233542.5
"NA","Namibia",1991,0
"NA","Namibia",1996,629211.05
"NA","Namibia",1997,2444280.41
"NA","Namibia",1998,1659282.08
"NA","Namibia",1999,2857959.05
"NA","Namibia",2000,990805.18
"NA","Namibia",2001,1165961.41
"NA","Namibia",2002,1165436.15
"NA","Namibia",2003,629419.93
"NA","Namibia",2004,1782403.82
"NA","Namibia",2005,393164.34
"NA","Namibia",2006,359675.9
"NA","Namibia",2007,269585.54
"NA","Namibia",2008,222014.11
"NA","Namibia",2009,151799.62
"NA","Namibia",2010,2295.63
"NA","Namibia",2011,56211.37
"NA","Namibia",2012,17832.15
"NA","Namibia",2013,2057.23
"NA","Namibia",2014,31469.43
"NA","Namibia",2015,26935.08
"NP","Nepal",1990,0
"NP","Nepal",1991,0
"NP","Nepal",1996,1402024.48
"NP","Nepal",1997,633935.16
"NP","Nepal",1998,1257324.66
"NP","Nepal",1999,1953364.53
"NP","Nepal",2000,1387940.61
"NP","Nepal",2001,2029327.45
"NP","Nepal",2002,2738359.77
"NP","Nepal",2003,2825142.63
"NP","Nepal",2004,1900725.04
"NP","Nepal",2005,2864239.1
"NP","Nepal",2006,2413435.73
"NP","Nepal",2007,3312235.93
"NP","Nepal",2008,2464738.99
"NP","Nepal",2009,2429887.21
"NP","Nepal",2010,1901070.33
"NP","Nepal",2011,2072843.05
"NP","Nepal",2012,1119669.1
"NP","Nepal",2013,2210435.4
"NP","Nepal",2014,1625977.09
"NP","Nepal",2015,4744228.52
"NI","Nicaragua",1982,0
"NI","Nicaragua",1983,0
"NI","Nicaragua",1985,0
"NI","Nicaragua",1989,0
"NI","Nicaragua",1991,0
"NI","Nicaragua",1996,6331177.86
"NI","Nicaragua",1997,5338618.41
"NI","Nicaragua",1998,11206552.65
"NI","Nicaragua",1999,9379846.76
"NI","Nicaragua",2000,5071481.39
"NI","Nicaragua",2001,9052036.01
"NI","Nicaragua",2002,6523945.49
"NI","Nicaragua",2003,9035549.23
"NI","Nicaragua",2004,9406195.39
"NI","Nicaragua",2005,10422845.22
"NI","Nicaragua",2006,8652822.12
"NI","Nicaragua",2007,7862044
"NI","Nicaragua",2008,7476225.49
"NI","Nicaragua",2009,7341529.98
"NI","Nicaragua",2010,7773746.22
"NI","Nicaragua",2011,8043239.47
"NI","Nicaragua",2012,4533085.6
"NI","Nicaragua",2013,3515924.82
"NI","Nicaragua",2014,1982586.25
"NI","Nicaragua",2015,1868553.74
"NE","Niger",1991,0
"NE","Niger",1996,32832.99
"NE","Niger",1998,0
"NE","Niger",1999,41012.24
"NE","Niger",2000,55392.32
"NE","Niger",2001,63262.96
"NE","Niger",2002,30596.26
"NE","Niger",2003,8125.53
"NE","Niger",2004,40372.27
"NE","Niger",2005,58721.99
"NE","Niger",2006,418231.93
"NE","Niger",2007,12389.83
"NE","Niger",2008,134605.25
"NE","Niger",2009,16081.88
"NE","Niger",2010,34183.19
"NE","Niger",2011,187257.39
"NE","Niger",2012,46052.92
"NE","Niger",2013,421619.91
"NE","Niger",2014,52500.02
"NE","Niger",2015,27409.04
"NG","Nigeria",1976,0
"NG","Nigeria",1977,0
"NG","Nigeria",1979,0
"NG","Nigeria",1981,0
"NG","Nigeria",1983,0
"NG","Nigeria",1989,0
"NG","Nigeria",1990,0
"NG","Nigeria",1991,0
"NG","Nigeria",1996,1328075.32
"NG","Nigeria",1997,1229753.81
"NG","Nigeria",1998,0
"NG","Nigeria",1999,1446207.4
"NG","Nigeria",2000,2307703.11
"NG","Nigeria",2001,2638611.24
"NG","Nigeria",2002,3186178.97
"NG","Nigeria",2003,5215453.39
"NG","Nigeria",2004,10763670.61
"NG","Nigeria",2005,6829016.03
"NG","Nigeria",2006,621249.08
"NG","Nigeria",2007,296628346.61
"NG","Nigeria",2008,509441.54
"NG","Nigeria",2009,612091.49
"NG","Nigeria",2010,773865.81
"NG","Nigeria",2011,775301.05
"NG","Nigeria",2012,785935.25
"NG","Nigeria",2013,564252.81
"NG","Nigeria",2014,730403.88
"NG","Nigeria",2015,781970.96
"north-central-america","North & Central America, regional",1991,0
"north-central-america","North & Central America, regional",1996,181389.07
"north-central-america","North & Central America, regional",1997,7878.94
"north-central-america","North & Central America, regional",1998,42434.11
"north-central-america","North & Central America, regional",1999,52639.38
"north-central-america","North & Central America, regional",2000,10431.72
"north-central-america","North & Central America, regional",2001,455330.36
"north-central-america","North & Central America, regional",2002,166888.05
"north-central-america","North & Central America, regional",2005,175954.81
"north-central-america","North & Central America, regional",2006,1933777.74
"north-central-america","North & Central America, regional",2007,2941114.14
"north-central-america","North & Central America, regional",2008,3447041.57
"north-central-america","North & Central America, regional",2009,4325164.52
"north-central-america","North & Central America, regional",2010,4592937.44
"north-central-america","North & Central America, regional",2011,3346955.76
"north-central-america","North & Central America, regional",2012,2345008.25
"north-central-america","North & Central America, regional",2013,1343206.76
"north-central-america","North & Central America, regional",2014,1864081.62
"north-central-america","North & Central America, regional",2015,471190.6
"KP","North Korea",1991,0
"KP","North Korea",1996,108079.85
"KP","North Korea",1998,0
"KP","North Korea",1999,47882.78
"KP","North Korea",2000,74169.45
"KP","North Korea",2001,2475239.51
"KP","North Korea",2002,166888.18
"KP","North Korea",2003,174567.77
"KP","North Korea",2004,599089.49
"KP","North Korea",2005,151774.07
"KP","North Korea",2006,135400.18
"KP","North Korea",2007,8688.41
"KP","North Korea",2008,8622.17
"KP","North Korea",2009,9107.03
"KP","North Korea",2010,16715.48
"KP","North Korea",2011,24044.38
"KP","North Korea",2013,26469.75
"KP","North Korea",2015,29568.2
"north-of-sahara","North of Sahara, regional",1991,0
"north-of-sahara","North of Sahara, regional",1996,677329.49
"north-of-sahara","North of Sahara, regional",1997,114989.91
"north-of-sahara","North of Sahara, regional",1998,625904.08
"north-of-sahara","North of Sahara, regional",1999,951314.29
"north-of-sahara","North of Sahara, regional",2000,1016569.99
"north-of-sahara","North of Sahara, regional",2001,1096455.46
"north-of-sahara","North of Sahara, regional",2002,1144576.34
"north-of-sahara","North of Sahara, regional",2003,832378.84
"north-of-sahara","North of Sahara, regional",2004,883909.93
"north-of-sahara","North of Sahara, regional",2005,838127.37
"north-of-sahara","North of Sahara, regional",2006,851831.01
"north-of-sahara","North of Sahara, regional",2007,649894.13
"north-of-sahara","North of Sahara, regional",2008,1679409.76
"north-of-sahara","North of Sahara, regional",2009,750409.29
"north-of-sahara","North of Sahara, regional",2010,322591.57
"north-of-sahara","North of Sahara, regional",2011,130161.07
"north-of-sahara","North of Sahara, regional",2012,40604.21
"north-of-sahara","North of Sahara, regional",2013,310511.32
"north-of-sahara","North of Sahara, regional",2014,124713.28
"north-of-sahara","North of Sahara, regional",2015,213378.6
"oceania","Oceania, regional",2007,88473.58
"oceania","Oceania, regional",2008,442870.71
"oceania","Oceania, regional",2009,474999.71
"oceania","Oceania, regional",2010,361730.46
"PK","Pakistan",1974,0
"PK","Pakistan",1976,0
"PK","Pakistan",1989,0
"PK","Pakistan",1991,0
"PK","Pakistan",1996,297004.36
"PK","Pakistan",1997,201445.35
"PK","Pakistan",1998,84868.34
"PK","Pakistan",1999,1478341.83
"PK","Pakistan",2000,1276111.06
"PK","Pakistan",2001,1885504.14
"PK","Pakistan",2002,991594.69
"PK","Pakistan",2003,1369406.45
"PK","Pakistan",2004,1953007.85
"PK","Pakistan",2005,7310884.08
"PK","Pakistan",2006,1846440.34
"PK","Pakistan",2007,2510435.75
"PK","Pakistan",2008,3088063.66
"PK","Pakistan",2009,2775993.27
"PK","Pakistan",2010,8904842.49
"PK","Pakistan",2011,1955560.23
"PK","Pakistan",2012,1171318.54
"PK","Pakistan",2013,1709769.93
"PK","Pakistan",2014,1495588.6
"PK","Pakistan",2015,2095056.87
"PW","Palau",2004,9640.75
"PS","Palestine",1996,1089195.74
"PS","Palestine",1997,5785381.29
"PS","Palestine",1998,2191619.26
"PS","Palestine",1999,4605730.88
"PS","Palestine",2000,2249597.1
"PS","Palestine",2001,3440870.9
"PS","Palestine",2002,5333474.69
"PS","Palestine",2003,4095790.3
"PS","Palestine",2004,5107014.67
"PS","Palestine",2005,5953637.45
"PS","Palestine",2006,6415685.26
"PS","Palestine",2007,3161152.33
"PS","Palestine",2008,7122817.73
"PS","Palestine",2009,7892234.2
"PS","Palestine",2010,4776372.62
"PS","Palestine",2011,4812948.71
"PS","Palestine",2012,4335244.03
"PS","Palestine",2013,5462047.82
"PS","Palestine",2014,7028424.9
"PS","Palestine",2015,4796494.31
"PA","Panama",1991,0
"PA","Panama",1996,17223.9
"PA","Panama",1998,0
"PA","Panama",2000,24305.88
"PA","Panama",2001,12898.28
"PA","Panama",2003,15838.62
"PA","Panama",2004,9640.75
"PA","Panama",2005,10122.66
"PA","Panama",2006,8464.93
"PA","Panama",2007,8656.95
"PA","Panama",2008,8622.17
"PA","Panama",2009,9107.03
"PA","Panama",2010,9191.49
"PA","Panama",2011,19158.3
"PA","Panama",2012,9676.12
"PA","Panama",2013,9342.16
"PA","Panama",2015,8807.54
"PG","Papua New Guinea",1991,0
"PG","Papua New Guinea",1996,18838.63
"PG","Papua New Guinea",1998,0
"PG","Papua New Guinea",2000,50593.76
"PG","Papua New Guinea",2001,626589.54
"PG","Papua New Guinea",2002,700930.95
"PG","Papua New Guinea",2003,649120.98
"PG","Papua New Guinea",2004,680861.13
"PG","Papua New Guinea",2005,981963.39
"PG","Papua New Guinea",2006,922523.18
"PG","Papua New Guinea",2007,729065.18
"PG","Papua New Guinea",2008,801931.82
"PG","Papua New Guinea",2009,630981.25
"PG","Papua New Guinea",2010,679195.15
"PG","Papua New Guinea",2011,537862.11
"PG","Papua New Guinea",2012,523316.92
"PG","Papua New Guinea",2013,490233.43
"PG","Papua New Guinea",2014,201445.92
"PG","Papua New Guinea",2015,764080.1
"PY","Paraguay",1991,0
"PY","Paraguay",1996,7535.46
"PY","Paraguay",1998,0
"PY","Paraguay",2000,12309.41
"PY","Paraguay",2001,8189.38
"PY","Paraguay",2002,9735.16
"PY","Paraguay",2003,5045.8
"PY","Paraguay",2004,16594.51
"PY","Paraguay",2005,28893.72
"PY","Paraguay",2006,28380.15
"PY","Paraguay",2007,40947.34
"PY","Paraguay",2008,37593.23
"PY","Paraguay",2009,38864.12
"PY","Paraguay",2010,39780.47
"PY","Paraguay",2011,26714
"PY","Paraguay",2012,29028.26
"PY","Paraguay",2013,46710.82
"PY","Paraguay",2014,216687.47
"PY","Paraguay",2015,219033.24
"PE","Peru",1982,0
"PE","Peru",1989,0
"PE","Peru",1990,0
"PE","Peru",1991,0
"PE","Peru",1996,683035.41
"PE","Peru",1997,982524.9
"PE","Peru",1998,0
"PE","Peru",1999,802062.24
"PE","Peru",2000,564772.81
"PE","Peru",2001,10535536.2
"PE","Peru",2002,756560.77
"PE","Peru",2003,670954.22
"PE","Peru",2004,515023.91
"PE","Peru",2005,945040.87
"PE","Peru",2006,597068.31
"PE","Peru",2007,928963.83
"PE","Peru",2008,770406.55
"PE","Peru",2009,711747.07
"PE","Peru",2010,846153.02
"PE","Peru",2011,784663.13
"PE","Peru",2012,1381326.38
"PE","Peru",2013,860344.74
"PE","Peru",2014,759229.13
"PE","Peru",2015,712123.14
"PH","Philippines",1977,0
"PH","Philippines",1981,0
"PH","Philippines",1982,0
"PH","Philippines",1989,0
"PH","Philippines",1990,0
"PH","Philippines",1991,0
"PH","Philippines",1993,0
"PH","Philippines",1994,0
"PH","Philippines",1996,135853.06
"PH","Philippines",1997,783263.38
"PH","Philippines",1998,2064307.49
"PH","Philippines",1999,1704069.17
"PH","Philippines",2000,2076088.53
"PH","Philippines",2001,5703175.96
"PH","Philippines",2002,952654.08
"PH","Philippines",2003,223059.75
"PH","Philippines",2004,562606.03
"PH","Philippines",2005,473487.63
"PH","Philippines",2006,748894.23
"PH","Philippines",2007,624090.77
"PH","Philippines",2008,1461028.82
"PH","Philippines",2009,726975.53
"PH","Philippines",2010,457183.72
"PH","Philippines",2011,441108.35
"PH","Philippines",2012,932501.46
"PH","Philippines",2013,2822591.05
"PH","Philippines",2014,1928174.59
"PH","Philippines",2015,377183.68
"RW","Rwanda",1990,4717337.26
"RW","Rwanda",1991,2724995.75
"RW","Rwanda",1992,0
"RW","Rwanda",1993,733929.7
"RW","Rwanda",1994,152432.95
"RW","Rwanda",1995,0
"RW","Rwanda",1996,2728694.97
"RW","Rwanda",1997,1272767.57
"RW","Rwanda",1998,4379519.4
"RW","Rwanda",1999,632307.09
"RW","Rwanda",2000,929569.04
"RW","Rwanda",2001,645424.93
"RW","Rwanda",2002,2756439.84
"RW","Rwanda",2003,3654540.72
"RW","Rwanda",2004,1361410.79
"RW","Rwanda",2005,13154178.24
"RW","Rwanda",2006,437216.98
"RW","Rwanda",2007,1619806.57
"RW","Rwanda",2008,1465648.58
"RW","Rwanda",2009,1255185.94
"RW","Rwanda",2010,1144888.08
"RW","Rwanda",2011,563021.33
"RW","Rwanda",2012,121965.65
"RW","Rwanda",2013,83894.65
"RW","Rwanda",2014,115558.29
"RW","Rwanda",2015,101868.91
"KN","Saint Kitts and Nevis",2008,10984.12
"KN","Saint Kitts and Nevis",2009,12572.41
"KN","Saint Kitts and Nevis",2010,30144.22
"LC","Saint Lucia",1991,0
"LC","Saint Lucia",2007,21842.15
"LC","Saint Lucia",2009,60729.47
"LC","Saint Lucia",2011,15641.39
"VC","Saint Vincent & the Grenadines",2008,149013.36
"VC","Saint Vincent & the Grenadines",2009,60729.47
"VC","Saint Vincent & the Grenadines",2012,17832.15
"VC","Saint Vincent & the Grenadines",2015,32358.55
"WS","Samoa",2009,3159.36
"ST","Sao Tome & Principe",2004,9640.75
"ST","Sao Tome & Principe",2005,10122.66
"ST","Sao Tome & Principe",2006,10338.83
"ST","Sao Tome & Principe",2007,10493.96
"ST","Sao Tome & Principe",2008,10427.02
"ST","Sao Tome & Principe",2009,9992.14
"ST","Sao Tome & Principe",2010,10067.8
"ST","Sao Tome & Principe",2011,9764.59
"ST","Sao Tome & Principe",2012,9676.12
"ST","Sao Tome & Principe",2013,10172.7
"ST","Sao Tome & Principe",2014,9961.48
"ST","Sao Tome & Principe",2015,9822.09
"SA","Saudi Arabia",1978,0
"SA","Saudi Arabia",1980,0
"SA","Saudi Arabia",1991,0
"SA","Saudi Arabia",1996,100544.48
"SA","Saudi Arabia",1998,0
"SA","Saudi Arabia",1999,75259.45
"SA","Saudi Arabia",2000,55601.08
"SA","Saudi Arabia",2001,49648.07
"SA","Saudi Arabia",2002,79271.9
"SA","Saudi Arabia",2003,105755.59
"SA","Saudi Arabia",2004,48203.68
"SA","Saudi Arabia",2005,40477.43
"SA","Saudi Arabia",2006,33846.8
"SA","Saudi Arabia",2007,51941.69
"SN","Senegal",1989,0
"SN","Senegal",1991,0
"SN","Senegal",1996,852475.06
"SN","Senegal",1997,1294061.87
"SN","Senegal",1998,2422990.19
"SN","Senegal",1999,2548358.46
"SN","Senegal",2000,2070277.36
"SN","Senegal",2001,3522457.05
"SN","Senegal",2002,3469887.86
"SN","Senegal",2003,3532571.09
"SN","Senegal",2004,2862533.7
"SN","Senegal",2005,1876719.82
"SN","Senegal",2006,3880499.78
"SN","Senegal",2007,2721035.8
"SN","Senegal",2008,2869087.94
"SN","Senegal",2009,2853200.01
"SN","Senegal",2010,845567.35
"SN","Senegal",2011,987294.22
"SN","Senegal",2012,2063155.53
"SN","Senegal",2013,3772676.73
"SN","Senegal",2014,1830407.61
"SN","Senegal",2015,386882.66
"RS","Serbia",1996,38753.78
"RS","Serbia",1997,2238153.25
"RS","Serbia",1998,0
"RS","Serbia",1999,16078157.41
"RS","Serbia",2000,43682357.99
"RS","Serbia",2001,35875216.82
"RS","Serbia",2002,128498382.47
"RS","Serbia",2003,23616170.33
"RS","Serbia",2004,28030278.23
"RS","Serbia",2005,36598277.41
"RS","Serbia",2006,56901870.44
"RS","Serbia",2007,28929657.47
"RS","Serbia",2008,29178002.5
"RS","Serbia",2009,10919146.11
"RS","Serbia",2010,12005491.08
"RS","Serbia",2011,8955459.68
"RS","Serbia",2012,10275679.05
"RS","Serbia",2013,9994015.88
"RS","Serbia",2014,9793065.48
"RS","Serbia",2015,10543176.49
"SC","Seychelles",1991,0
"SC","Seychelles",1996,102912.72
"SC","Seychelles",2001,12898.28
"SC","Seychelles",2007,24572.48
"SL","Sierra Leone",1991,0
"SL","Sierra Leone",1996,50057.01
"SL","Sierra Leone",1997,109559.81
"SL","Sierra Leone",1998,0
"SL","Sierra Leone",1999,626388.12
"SL","Sierra Leone",2000,5956404.4
"SL","Sierra Leone",2001,11206964.54
"SL","Sierra Leone",2002,8959117.63
"SL","Sierra Leone",2003,6243062.32
"SL","Sierra Leone",2004,387614.86
"SL","Sierra Leone",2005,226608.22
"SL","Sierra Leone",2006,60869.96
"SL","Sierra Leone",2007,553808.58
"SL","Sierra Leone",2008,24913.41
"SL","Sierra Leone",2009,311196.73
"SL","Sierra Leone",2010,120576.52
"SL","Sierra Leone",2011,22106.27
"SL","Sierra Leone",2012,36212.08
"SL","Sierra Leone",2013,20763.79
"SL","Sierra Leone",2014,653306.63
"SL","Sierra Leone",2015,191745.64
"SG","Singapore",1981,0
"SG","Singapore",1984,0
"SG","Singapore",1988,0
"SG","Singapore",1989,0
"SG","Singapore",1990,0
"SG","Singapore",1991,0
"SG","Singapore",1993,0
"SG","Singapore",1994,0
"SI","Slovenia",1994,370048.11
"SI","Slovenia",1996,6057536.35
"SI","Slovenia",1997,3885909.9
"SI","Slovenia",1998,0
"SI","Slovenia",1999,4140431.13
"SI","Slovenia",2000,3849618.07
"SI","Slovenia",2001,4074220.88
"SI","Slovenia",2002,5394655
"SB","Solomon Islands",2007,63195.42
"SO","Somalia",1989,0
"SO","Somalia",1991,0
"SO","Somalia",1996,226925.04
"SO","Somalia",1997,203467.89
"SO","Somalia",1998,0
"SO","Somalia",1999,178952.06
"SO","Somalia",2000,660432.08
"SO","Somalia",2001,732745.18
"SO","Somalia",2002,520135.75
"SO","Somalia",2003,565445.83
"SO","Somalia",2004,385616.31
"SO","Somalia",2005,357702.62
"SO","Somalia",2006,20677.65
"SO","Somalia",2007,294757.36
"SO","Somalia",2008,186740.43
"SO","Somalia",2009,79937.18
"SO","Somalia",2010,100677.98
"SO","Somalia",2011,1310224.75
"SO","Somalia",2012,2969068.11
"SO","Somalia",2013,330308.88
"SO","Somalia",2014,130624.46
"SO","Somalia",2015,171668.85
"south-central-asia","South & Central Asia, regional",1997,0
"south-central-asia","South & Central Asia, regional",1998,445558.7
"south-central-asia","South & Central Asia, regional",1999,562966.41
"south-central-asia","South & Central Asia, regional",2000,245145.29
"south-central-asia","South & Central Asia, regional",2001,1626411.1
"south-central-asia","South & Central Asia, regional",2002,1221067.17
"south-central-asia","South & Central Asia, regional",2003,675285.79
"south-central-asia","South & Central Asia, regional",2004,667331.07
"south-central-asia","South & Central Asia, regional",2009,204858.6
"south-central-asia","South & Central Asia, regional",2011,197016.96
"south-central-asia","South & Central Asia, regional",2012,268291.71
"south-central-asia","South & Central Asia, regional",2013,719917.66
"south-central-asia","South & Central Asia, regional",2014,2225048.52
"south-central-asia","South & Central Asia, regional",2015,839853.15
"ZA","South Africa",1996,1045490.1
"ZA","South Africa",1997,1069725.89
"ZA","South Africa",1998,2538412.14
"ZA","South Africa",1999,1224129.26
"ZA","South Africa",2000,1526575.69
"ZA","South Africa",2001,1310096.94
"ZA","South Africa",2002,2042990.59
"ZA","South Africa",2003,1618546.5
"ZA","South Africa",2004,1686698.53
"ZA","South Africa",2005,1046503.89
"ZA","South Africa",2006,821563.7
"ZA","South Africa",2007,1593937.25
"ZA","South Africa",2008,1298217.54
"ZA","South Africa",2009,1277091.77
"ZA","South Africa",2010,1081992.18
"ZA","South Africa",2011,782845.41
"ZA","South Africa",2012,504950.7
"ZA","South Africa",2013,465371.75
"ZA","South Africa",2014,341628.79
"ZA","South Africa",2015,473746.55
"south-america","South America, regional",1991,0
"south-america","South America, regional",1996,21529.82
"south-america","South America, regional",1997,132877.81
"south-america","South America, regional",2001,27332.01
"south-america","South America, regional",2005,0
"south-america","South America, regional",2006,0
"south-america","South America, regional",2007,0
"south-america","South America, regional",2010,1205.77
"south-asia","South Asia, regional",2005,1792237.18
"south-asia","South Asia, regional",2006,953797.58
"south-asia","South Asia, regional",2007,496996.15
"south-asia","South Asia, regional",2008,705578.81
"south-asia","South Asia, regional",2009,898038.96
"south-asia","South Asia, regional",2010,791612.11
"south-asia","South Asia, regional",2011,4340869.8
"south-asia","South Asia, regional",2012,446932.03
"south-asia","South Asia, regional",2013,314622
"south-asia","South Asia, regional",2014,497364.4
"south-asia","South Asia, regional",2015,532929
"south-of-sahara","South of Sahara, regional",1989,0
"south-of-sahara","South of Sahara, regional",1991,0
"south-of-sahara","South of Sahara, regional",1996,1629272.29
"south-of-sahara","South of Sahara, regional",1997,4809773.32
"south-of-sahara","South of Sahara, regional",1998,1535586.16
"south-of-sahara","South of Sahara, regional",1999,2658498.81
"south-of-sahara","South of Sahara, regional",2000,2368518.21
"south-of-sahara","South of Sahara, regional",2001,1554856.44
"south-of-sahara","South of Sahara, regional",2002,1215504.13
"south-of-sahara","South of Sahara, regional",2003,1632611.83
"south-of-sahara","South of Sahara, regional",2004,3024829.52
"south-of-sahara","South of Sahara, regional",2005,2285207.36
"south-of-sahara","South of Sahara, regional",2006,5815890.1
"south-of-sahara","South of Sahara, regional",2007,8959238.81
"south-of-sahara","South of Sahara, regional",2008,12826323.82
"south-of-sahara","South of Sahara, regional",2009,7008316.76
"south-of-sahara","South of Sahara, regional",2010,15508572.14
"south-of-sahara","South of Sahara, regional",2011,12020967.09
"south-of-sahara","South of Sahara, regional",2012,10183236.52
"south-of-sahara","South of Sahara, regional",2013,14402177.55
"south-of-sahara","South of Sahara, regional",2014,10968694.59
"south-of-sahara","South of Sahara, regional",2015,9598154.85
"SS","South Sudan",2011,174208.26
"SS","South Sudan",2012,839212.73
"SS","South Sudan",2013,294972.53
"SS","South Sudan",2014,1151969.91
"SS","South Sudan",2015,600102.34
"LK","Sri Lanka",1989,0
"LK","Sri Lanka",1991,0
"LK","Sri Lanka",1996,256851.36
"LK","Sri Lanka",1997,40672.41
"LK","Sri Lanka",1998,5092.1
"LK","Sri Lanka",1999,169016.74
"LK","Sri Lanka",2000,290419.62
"LK","Sri Lanka",2001,492693.59
"LK","Sri Lanka",2002,343511.72
"LK","Sri Lanka",2003,520789.76
"LK","Sri Lanka",2004,243165.52
"LK","Sri Lanka",2005,10359802.82
"LK","Sri Lanka",2006,5884288.97
"LK","Sri Lanka",2007,3663596.53
"LK","Sri Lanka",2008,4397933.74
"LK","Sri Lanka",2009,1971877.31
"LK","Sri Lanka",2010,1434361.47
"LK","Sri Lanka",2011,1025002.26
"LK","Sri Lanka",2012,255575.75
"LK","Sri Lanka",2013,1402786.09
"LK","Sri Lanka",2014,1712118.86
"LK","Sri Lanka",2015,1232331.92
"ex-yugoslavia","States Ex-Yugoslavia unspecified",1976,0
"ex-yugoslavia","States Ex-Yugoslavia unspecified",1981,0
"ex-yugoslavia","States Ex-Yugoslavia unspecified",1982,0
"ex-yugoslavia","States Ex-Yugoslavia unspecified",1986,0
"ex-yugoslavia","States Ex-Yugoslavia unspecified",1989,0
"ex-yugoslavia","States Ex-Yugoslavia unspecified",1991,0
"ex-yugoslavia","States Ex-Yugoslavia unspecified",1996,10361789.41
"ex-yugoslavia","States Ex-Yugoslavia unspecified",2001,139731.3
"ex-yugoslavia","States Ex-Yugoslavia unspecified",2002,208610.8
"ex-yugoslavia","States Ex-Yugoslavia unspecified",2003,188963.27
"ex-yugoslavia","States Ex-Yugoslavia unspecified",2004,576972.32
"ex-yugoslavia","States Ex-Yugoslavia unspecified",2005,438710.01
"ex-yugoslavia","States Ex-Yugoslavia unspecified",2006,330054.95
"ex-yugoslavia","States Ex-Yugoslavia unspecified",2007,530841.18
"ex-yugoslavia","States Ex-Yugoslavia unspecified",2008,6864824.24
"ex-yugoslavia","States Ex-Yugoslavia unspecified",2009,3946920.61
"ex-yugoslavia","States Ex-Yugoslavia unspecified",2010,2486396.78
"ex-yugoslavia","States Ex-Yugoslavia unspecified",2011,771968.79
"ex-yugoslavia","States Ex-Yugoslavia unspecified",2012,99022.87
"ex-yugoslavia","States Ex-Yugoslavia unspecified",2013,581200.3
"ex-yugoslavia","States Ex-Yugoslavia unspecified",2014,651436.71
"ex-yugoslavia","States Ex-Yugoslavia unspecified",2015,734622.1
"SD","Sudan",1980,0
"SD","Sudan",1989,0
"SD","Sudan",1991,0
"SD","Sudan",1996,462138.96
"SD","Sudan",1997,444947.61
"SD","Sudan",1998,0
"SD","Sudan",1999,585585.84
"SD","Sudan",2000,490498.99
"SD","Sudan",2001,497913.59
"SD","Sudan",2002,731528.14
"SD","Sudan",2003,557993.62
"SD","Sudan",2004,2374323.6
"SD","Sudan",2005,941815.3
"SD","Sudan",2006,1157434.51
"SD","Sudan",2007,1217139.72
"SD","Sudan",2008,649028.78
"SD","Sudan",2009,531371.16
"SD","Sudan",2010,379120.58
"SD","Sudan",2011,317463.53
"SD","Sudan",2012,371306.82
"SD","Sudan",2013,172692.89
"SD","Sudan",2014,250751.5
"SD","Sudan",2015,153095.2
"SR","Suriname",2009,14777.64
"SR","Suriname",2014,11247.86
"SR","Suriname",2015,66555.7
"SZ","Swaziland",1991,0
"SZ","Swaziland",2007,21842.15
"SZ","Swaziland",2008,10984.12
"SZ","Swaziland",2012,33654.77
"SZ","Swaziland",2013,52688.06
"SZ","Swaziland",2015,64035.36
"SY","Syria",1989,0
"SY","Syria",1991,0
"SY","Syria",1996,1047966.47
"SY","Syria",1997,792898.15
"SY","Syria",1998,0
"SY","Syria",1999,692556.31
"SY","Syria",2000,712589.72
"SY","Syria",2001,594446.4
"SY","Syria",2002,547950.27
"SY","Syria",2003,754973
"SY","Syria",2004,901693.57
"SY","Syria",2005,749905.7
"SY","Syria",2006,289617.59
"SY","Syria",2007,273882
"SY","Syria",2008,322674.91
"SY","Syria",2009,334210.99
"SY","Syria",2010,352742.64
"SY","Syria",2011,400201.04
"SY","Syria",2012,1989078.48
"SY","Syria",2013,2514556.36
"SY","Syria",2014,1276853
"SY","Syria",2015,2117852.44
"TW","Taiwan",1991,0
"TW","Taiwan",1996,3804974.4
"TJ","Tajikistan",1996,127349.11
"TJ","Tajikistan",1997,106472.11
"TJ","Tajikistan",1998,0
"TJ","Tajikistan",1999,345644
"TJ","Tajikistan",2000,243058.87
"TJ","Tajikistan",2001,421138.89
"TJ","Tajikistan",2002,52847.98
"TJ","Tajikistan",2003,169604.99
"TJ","Tajikistan",2004,70320.7
"TJ","Tajikistan",2005,147785.59
"TJ","Tajikistan",2006,30551.32
"TJ","Tajikistan",2007,78680.7
"TJ","Tajikistan",2008,59688.58
"TJ","Tajikistan",2009,666490.6
"TJ","Tajikistan",2010,118766.45
"TJ","Tajikistan",2011,100568.88
"TJ","Tajikistan",2012,331055.62
"TJ","Tajikistan",2013,708337.09
"TJ","Tajikistan",2014,6313003.95
"TJ","Tajikistan",2015,211012.27
"TZ","Tanzania",1978,0
"TZ","Tanzania",1981,0
"TZ","Tanzania",1982,0
"TZ","Tanzania",1983,0
"TZ","Tanzania",1989,0
"TZ","Tanzania",1990,0
"TZ","Tanzania",1991,0
"TZ","Tanzania",1993,0
"TZ","Tanzania",1996,4558195.47
"TZ","Tanzania",1997,2988033.61
"TZ","Tanzania",1998,2717270.66
"TZ","Tanzania",1999,2863772.41
"TZ","Tanzania",2000,2005915.12
"TZ","Tanzania",2001,7494409.27
"TZ","Tanzania",2002,45303269.24
"TZ","Tanzania",2003,4971249.64
"TZ","Tanzania",2004,3493940.92
"TZ","Tanzania",2005,2537561.79
"TZ","Tanzania",2006,1746400.08
"TZ","Tanzania",2007,1386765.27
"TZ","Tanzania",2008,1498750.45
"TZ","Tanzania",2009,11336968.94
"TZ","Tanzania",2010,856676.28
"TZ","Tanzania",2011,1297669.31
"TZ","Tanzania",2012,1303851.58
"TZ","Tanzania",2013,1325040.01
"TZ","Tanzania",2014,2351496.76
"TZ","Tanzania",2015,946903.76
"TH","Thailand",1978,0
"TH","Thailand",1979,0
"TH","Thailand",1981,0
"TH","Thailand",1989,0
"TH","Thailand",1990,2956003.03
"TH","Thailand",1991,3962738.96
"TH","Thailand",1992,6697069.75
"TH","Thailand",1993,7494403.51
"TH","Thailand",1994,62252.01
"TH","Thailand",1995,2042840.3
"TH","Thailand",1996,1657403.48
"TH","Thailand",1997,273739.4
"TH","Thailand",1998,716514.09
"TH","Thailand",1999,1480243.77
"TH","Thailand",2000,210407
"TH","Thailand",2001,468022.79
"TH","Thailand",2002,1090336.73
"TH","Thailand",2003,977153.19
"TH","Thailand",2004,896522.27
"TH","Thailand",2005,1123469.83
"TH","Thailand",2006,1007314.04
"TH","Thailand",2007,938809.97
"TH","Thailand",2008,1156915.4
"TH","Thailand",2009,898223.59
"TH","Thailand",2010,790297.33
"TH","Thailand",2011,783076.46
"TH","Thailand",2012,817702.36
"TH","Thailand",2013,938944.03
"TH","Thailand",2014,783093.6
"TH","Thailand",2015,899408.7
"TL","Timor-Leste",2000,8951452.81
"TL","Timor-Leste",2001,8720362.51
"TL","Timor-Leste",2002,3932999.35
"TL","Timor-Leste",2003,2743268.21
"TL","Timor-Leste",2005,72793.64
"TL","Timor-Leste",2006,58285.2
"TL","Timor-Leste",2007,47055.3
"TL","Timor-Leste",2008,126909.95
"TL","Timor-Leste",2009,71797.99
"TL","Timor-Leste",2010,99308.26
"TL","Timor-Leste",2011,15051.38
"TL","Timor-Leste",2012,43751.18
"TL","Timor-Leste",2013,12914.9
"TG","Togo",1978,0
"TG","Togo",1979,0
"TG","Togo",1991,0
"TG","Togo",1996,92793.69
"TG","Togo",1998,0
"TG","Togo",1999,88894.94
"TG","Togo",2000,110993.4
"TG","Togo",2001,1093589.29
"TG","Togo",2002,906759.6
"TG","Togo",2003,715473.01
"TG","Togo",2004,763252.27
"TG","Togo",2005,645994.18
"TG","Togo",2006,679094.52
"TG","Togo",2007,738152.8
"TG","Togo",2008,768410.45
"TG","Togo",2009,12749317.04
"TG","Togo",2010,654245.58
"TG","Togo",2011,26809824.73
"TG","Togo",2012,146591.48
"TG","Togo",2013,97611.26
"TG","Togo",2014,63199.56
"TG","Togo",2015,67856.96
"TT","Trinidad & Tobago",1991,0
"TT","Trinidad & Tobago",2009,1102.62
"TN","Tunisia",1974,0
"TN","Tunisia",1978,0
"TN","Tunisia",1980,0
"TN","Tunisia",1981,0
"TN","Tunisia",1986,0
"TN","Tunisia",1989,0
"TN","Tunisia",1990,0
"TN","Tunisia",1991,0
"TN","Tunisia",1993,0
"TN","Tunisia",1994,0
"TN","Tunisia",1996,983268.33
"TN","Tunisia",1997,647244.11
"TN","Tunisia",1998,405638.91
"TN","Tunisia",1999,690442.28
"TN","Tunisia",2000,345080.39
"TN","Tunisia",2001,524836.34
"TN","Tunisia",2002,333776.83
"TN","Tunisia",2003,385351.02
"TN","Tunisia",2004,344339.34
"TN","Tunisia",2005,347593.25
"TN","Tunisia",2006,268487.3
"TN","Tunisia",2007,247496.51
"TN","Tunisia",2008,317094.18
"TN","Tunisia",2009,527859.15
"TN","Tunisia",2010,866643.84
"TN","Tunisia",2011,374040.37
"TN","Tunisia",2012,364710.28
"TN","Tunisia",2013,457319.41
"TN","Tunisia",2014,504206.86
"TN","Tunisia",2015,507467.91
"TR","Turkey",1974,0
"TR","Turkey",1976,0
"TR","Turkey",1979,0
"TR","Turkey",1980,0
"TR","Turkey",1981,0
"TR","Turkey",1986,0
"TR","Turkey",1987,0
"TR","Turkey",1988,0
"TR","Turkey",1989,35895481.18
"TR","Turkey",1990,10622447.78
"TR","Turkey",1991,2933924.96
"TR","Turkey",1993,0
"TR","Turkey",1994,0
"TR","Turkey",1996,15124411.47
"TR","Turkey",1997,161731.48
"TR","Turkey",1998,0
"TR","Turkey",1999,5546892.23
"TR","Turkey",2000,16190844
"TR","Turkey",2001,20310682.73
"TR","Turkey",2002,20015466.33
"TR","Turkey",2003,21984451.7
"TR","Turkey",2004,21558860.51
"TR","Turkey",2005,23243369.9
"TR","Turkey",2006,21984994.07
"TR","Turkey",2007,23056077.91
"TR","Turkey",2008,23676114.25
"TR","Turkey",2009,23397539.13
"TR","Turkey",2010,25402540.2
"TR","Turkey",2011,26929535.31
"TR","Turkey",2012,35774068.38
"TR","Turkey",2013,29142193.78
"TR","Turkey",2014,25730970.08
"TR","Turkey",2015,24691588.32
"TM","Turkmenistan",2002,19470.37
"TM","Turkmenistan",2003,44064.85
"TM","Turkmenistan",2004,34444.72
"TM","Turkmenistan",2005,12228.8
"TM","Turkmenistan",2006,8464.93
"TM","Turkmenistan",2007,29762.53
"TM","Turkmenistan",2008,34488.78
"TM","Turkmenistan",2009,334987.62
"TM","Turkmenistan",2010,37913.87
"TM","Turkmenistan",2011,50033.77
"TM","Turkmenistan",2012,10314.4
"TM","Turkmenistan",2013,18684.33
"TM","Turkmenistan",2014,18288.16
"TM","Turkmenistan",2015,56909.71
"AE","UAE",1977,0
"AE","UAE",1980,0
"AE","UAE",1981,0
"AE","UAE",1982,0
"AE","UAE",1989,0
"AE","UAE",1990,0
"AE","UAE",1993,0
"UG","Uganda",1989,0
"UG","Uganda",1990,1208147.23
"UG","Uganda",1991,170425.27
"UG","Uganda",1992,0
"UG","Uganda",1993,1774779.39
"UG","Uganda",1994,16006529.06
"UG","Uganda",1995,13222370.93
"UG","Uganda",1996,15938870.53
"UG","Uganda",1997,9953116.77
"UG","Uganda",1998,6322264.16
"UG","Uganda",1999,4771579.55
"UG","Uganda",2000,2932771.84
"UG","Uganda",2001,9189100.59
"UG","Uganda",2002,8055144.74
"UG","Uganda",2003,7393269.84
"UG","Uganda",2004,10230691.59
"UG","Uganda",2005,10213002.56
"UG","Uganda",2006,11827276.67
"UG","Uganda",2007,10793361.16
"UG","Uganda",2008,13555651.86
"UG","Uganda",2009,11075289.89
"UG","Uganda",2010,13087365.07
"UG","Uganda",2011,12419729.3
"UG","Uganda",2012,8555438.24
"UG","Uganda",2013,16182418.78
"UG","Uganda",2014,10306045.8
"UG","Uganda",2015,10654134.71
"UA","Ukraine",2005,7649173.56
"UA","Ukraine",2006,5260190.59
"UA","Ukraine",2007,4886602.28
"UA","Ukraine",2008,7473202.82
"UA","Ukraine",2009,5903191.16
"UA","Ukraine",2010,6356897.7
"UA","Ukraine",2011,12085199.79
"UA","Ukraine",2012,9206384.68
"UA","Ukraine",2013,7101032.07
"UA","Ukraine",2014,7170390.93
"UA","Ukraine",2015,12607850.3
"UY","Uruguay",1991,0
"UY","Uruguay",1996,72340.37
"UY","Uruguay",1998,0
"UY","Uruguay",1999,41012.16
"UY","Uruguay",2000,37032.55
"UY","Uruguay",2001,19859.2
"UY","Uruguay",2002,33377.68
"UY","Uruguay",2003,33395.75
"UY","Uruguay",2004,26235.21
"UY","Uruguay",2005,10122.66
"UY","Uruguay",2006,2261.62
"UY","Uruguay",2008,25535.17
"UY","Uruguay",2009,2070.51
"UY","Uruguay",2012,9676.12
"UY","Uruguay",2015,27047.9
"UZ","Uzbekistan",1996,36600.82
"UZ","Uzbekistan",1998,0
"UZ","Uzbekistan",1999,41012.24
"UZ","Uzbekistan",2000,55183.8
"UZ","Uzbekistan",2001,70326.32
"UZ","Uzbekistan",2002,301789.78
"UZ","Uzbekistan",2003,387179.09
"UZ","Uzbekistan",2004,293272.72
"UZ","Uzbekistan",2005,315158.29
"UZ","Uzbekistan",2006,415776.43
"UZ","Uzbekistan",2007,332718.38
"UZ","Uzbekistan",2008,3098934.63
"UZ","Uzbekistan",2009,304978.91
"UZ","Uzbekistan",2010,293811.81
"UZ","Uzbekistan",2011,447525.55
"UZ","Uzbekistan",2012,399799.07
"UZ","Uzbekistan",2013,230221.61
"UZ","Uzbekistan",2014,277176.68
"UZ","Uzbekistan",2015,354327.52
"VU","Vanuatu",2009,20243.16
"VE","Venezuela",1981,0
"VE","Venezuela",1989,0
"VE","Venezuela",1990,0
"VE","Venezuela",1991,0
"VE","Venezuela",1996,404761.92
"VE","Venezuela",1997,258940.24
"VE","Venezuela",1998,0
"VE","Venezuela",1999,164154.44
"VE","Venezuela",2000,148443.27
"VE","Venezuela",2001,88957.23
"VE","Venezuela",2002,105695.86
"VE","Venezuela",2003,142629.93
"VE","Venezuela",2004,136104.65
"VE","Venezuela",2005,147298.88
"VE","Venezuela",2006,133474.6
"VE","Venezuela",2007,121393.13
"VE","Venezuela",2008,105412.83
"VE","Venezuela",2009,187603.91
"VE","Venezuela",2010,202785.09
"VE","Venezuela",2011,253687.59
"VE","Venezuela",2012,270538.33
"VE","Venezuela",2013,237344.28
"VE","Venezuela",2014,255652.78
"VE","Venezuela",2015,296720.86
"VN","Viet Nam",1979,0
"VN","Viet Nam",1989,0
"VN","Viet Nam",1990,0
"VN","Viet Nam",1991,0
"VN","Viet Nam",1996,690138.92
"VN","Viet Nam",1997,649905.59
"VN","Viet Nam",1998,4349.51
"VN","Viet Nam",1999,733040.85
"VN","Viet Nam",2000,573995.86
"VN","Viet Nam",2001,4739695.28
"VN","Viet Nam",2002,2322529.85
"VN","Viet Nam",2003,1900081.4
"VN","Viet Nam",2004,1772680.86
"VN","Viet Nam",2005,1562100.52
"VN","Viet Nam",2006,2348455.97
"VN","Viet Nam",2007,5902476.28
"VN","Viet Nam",2008,7794894.73
"VN","Viet Nam",2009,4079717.2
"VN","Viet Nam",2010,2724104.56
"VN","Viet Nam",2011,6224243.16
"VN","Viet Nam",2012,5328240.28
"VN","Viet Nam",2013,3574400.58
"VN","Viet Nam",2014,4307498.04
"VN","Viet Nam",2015,5527951.6
"west-indies","West Indies, regional",2007,568759.1
"YE","Yemen",1991,0
"YE","Yemen",1996,56408.33
"YE","Yemen",1998,0
"YE","Yemen",1999,29173.61
"YE","Yemen",2000,51741.4
"YE","Yemen",2001,50057.65
"YE","Yemen",2002,40331.38
"YE","Yemen",2003,44518.5
"YE","Yemen",2004,45854.26
"YE","Yemen",2005,25839.77
"YE","Yemen",2006,39184.22
"YE","Yemen",2007,31481.89
"YE","Yemen",2008,45905.87
"YE","Yemen",2009,22176.57
"YE","Yemen",2010,20135.5
"YE","Yemen",2011,212405.01
"YE","Yemen",2012,220528.06
"YE","Yemen",2013,81381.95
"YE","Yemen",2014,102597.73
"YE","Yemen",2015,577600.54
"ZM","Zambia",1974,0
"ZM","Zambia",1991,0
"ZM","Zambia",1996,226170.81
"ZM","Zambia",1997,53236.06
"ZM","Zambia",1998,0
"ZM","Zambia",1999,153055.8
"ZM","Zambia",2000,12309.41
"ZM","Zambia",2001,562712.71
"ZM","Zambia",2002,543777.73
"ZM","Zambia",2003,2997757.05
"ZM","Zambia",2004,351022.93
"ZM","Zambia",2005,250209.95
"ZM","Zambia",2006,8680028.5
"ZM","Zambia",2007,72494.79
"ZM","Zambia",2008,31799.41
"ZM","Zambia",2011,25405.98
"ZM","Zambia",2012,28870.94
"ZM","Zambia",2013,29488.71
"ZM","Zambia",2014,19922.96
"ZM","Zambia",2015,32007.29
"ZW","Zimbabwe",1982,0
"ZW","Zimbabwe",1990,0
"ZW","Zimbabwe",1991,0
"ZW","Zimbabwe",1996,676361.28
"ZW","Zimbabwe",1997,2027655.84
"ZW","Zimbabwe",1998,2693295.29
"ZW","Zimbabwe",1999,455150.43
"ZW","Zimbabwe",2000,1498722.29
"ZW","Zimbabwe",2001,1833603.16
"ZW","Zimbabwe",2002,1034708.03
"ZW","Zimbabwe",2003,965975.9
"ZW","Zimbabwe",2004,734398.44
"ZW","Zimbabwe",2005,439328.45
"ZW","Zimbabwe",2006,1167113.88
"ZW","Zimbabwe",2007,1624307.53
"ZW","Zimbabwe",2008,1189437.09
"ZW","Zimbabwe",2009,597465.9
"ZW","Zimbabwe",2010,473452.38
"ZW","Zimbabwe",2011,524304.78
"ZW","Zimbabwe",2012,105576.33
"ZW","Zimbabwe",2013,150013.4
"ZW","Zimbabwe",2014,294209.34
"ZW","Zimbabwe",2015,355152.3
