"id","entity-name","year","value","original-value"
"AF","Afghanistan",2000,,
"AF","Afghanistan",2001,,
"AF","Afghanistan",2002,,
"AF","Afghanistan",2003,,
"AF","Afghanistan",2004,,
"AF","Afghanistan",2005,,
"AF","Afghanistan",2006,,
"AF","Afghanistan",2007,,
"AF","Afghanistan",2008,,
"AF","Afghanistan",2009,,
"AF","Afghanistan",2010,,
"AF","Afghanistan",2011,,
"AF","Afghanistan",2012,,
"AF","Afghanistan",2013,,
"AL","Albania",2000,,
"AL","Albania",2001,,
"AL","Albania",2002,1.2485,1.2485
"AL","Albania",2003,1.2485625,
"AL","Albania",2004,1.248625,1.248625
"AL","Albania",2005,1.249,1.249
"AL","Albania",2006,1.2492083333,
"AL","Albania",2007,1.2494166667,
"AL","Albania",2008,1.249625,1.249625
"AL","Albania",2009,1.24940625,
"AL","Albania",2010,1.2491875,
"AL","Albania",2011,1.24896875,
"AL","Albania",2012,1.24875,1.24875
"AL","Albania",2013,,
"DZ","Algeria",2000,,
"DZ","Algeria",2001,,
"DZ","Algeria",2002,,
"DZ","Algeria",2003,,
"DZ","Algeria",2004,,
"DZ","Algeria",2005,,
"DZ","Algeria",2006,,
"DZ","Algeria",2007,,
"DZ","Algeria",2008,,
"DZ","Algeria",2009,,
"DZ","Algeria",2010,,
"DZ","Algeria",2011,,
"DZ","Algeria",2012,,
"DZ","Algeria",2013,,
"AO","Angola",2000,0.87575,0.87575
"AO","Angola",2001,0.8944861111,
"AO","Angola",2002,0.9132222222,
"AO","Angola",2003,0.9319583333,
"AO","Angola",2004,0.9506944444,
"AO","Angola",2005,0.9694305556,
"AO","Angola",2006,0.9881666667,
"AO","Angola",2007,1.0069027778,
"AO","Angola",2008,1.0256388889,
"AO","Angola",2009,1.044375,1.044375
"AO","Angola",2010,,
"AO","Angola",2011,,
"AO","Angola",2012,,
"AO","Angola",2013,,
"AG","Antigua and Barbuda",2000,,
"AG","Antigua and Barbuda",2001,,
"AG","Antigua and Barbuda",2002,,
"AG","Antigua and Barbuda",2003,,
"AG","Antigua and Barbuda",2004,,
"AG","Antigua and Barbuda",2005,,
"AG","Antigua and Barbuda",2006,,
"AG","Antigua and Barbuda",2007,,
"AG","Antigua and Barbuda",2008,,
"AG","Antigua and Barbuda",2009,,
"AG","Antigua and Barbuda",2010,,
"AG","Antigua and Barbuda",2011,,
"AG","Antigua and Barbuda",2012,,
"AG","Antigua and Barbuda",2013,,
"AR","Argentina",2000,1.215875,1.215875
"AR","Argentina",2001,1.192875,1.192875
"AR","Argentina",2002,1.188125,1.188125
"AR","Argentina",2003,1.19425,1.19425
"AR","Argentina",2004,1.214125,1.214125
"AR","Argentina",2005,1.2245,1.2245
"AR","Argentina",2006,1.22825,1.22825
"AR","Argentina",2007,1.2295,1.2295
"AR","Argentina",2008,1.233625,1.233625
"AR","Argentina",2009,1.23275,1.23275
"AR","Argentina",2010,1.238875,1.238875
"AR","Argentina",2011,1.24025,1.24025
"AR","Argentina",2012,,
"AR","Argentina",2013,,
"AM","Armenia",2000,,
"AM","Armenia",2001,1.196375,1.196375
"AM","Armenia",2002,1.211125,1.211125
"AM","Armenia",2003,1.225875,1.225875
"AM","Armenia",2004,1.22825,1.22825
"AM","Armenia",2005,1.239125,1.239125
"AM","Armenia",2006,1.24325,1.24325
"AM","Armenia",2007,1.242,1.242
"AM","Armenia",2008,1.246125,1.246125
"AM","Armenia",2009,1.246875,1.246875
"AM","Armenia",2010,1.24525,1.24525
"AM","Armenia",2011,1.245,1.245
"AM","Armenia",2012,1.246125,1.246125
"AM","Armenia",2013,,
"AZ","Azerbaijan",2000,,
"AZ","Azerbaijan",2001,1.23625,1.23625
"AZ","Azerbaijan",2002,1.238,
"AZ","Azerbaijan",2003,1.23975,
"AZ","Azerbaijan",2004,1.2415,
"AZ","Azerbaijan",2005,1.24325,
"AZ","Azerbaijan",2006,1.245,
"AZ","Azerbaijan",2007,1.24675,
"AZ","Azerbaijan",2008,1.2485,1.2485
"AZ","Azerbaijan",2009,,
"AZ","Azerbaijan",2010,,
"AZ","Azerbaijan",2011,,
"AZ","Azerbaijan",2012,,
"AZ","Azerbaijan",2013,,
"BD","Bangladesh",2000,1.017375,1.017375
"BD","Bangladesh",2001,1.028475,
"BD","Bangladesh",2002,1.039575,
"BD","Bangladesh",2003,1.050675,
"BD","Bangladesh",2004,1.061775,
"BD","Bangladesh",2005,1.072875,1.072875
"BD","Bangladesh",2006,1.080375,
"BD","Bangladesh",2007,1.087875,
"BD","Bangladesh",2008,1.095375,
"BD","Bangladesh",2009,1.102875,
"BD","Bangladesh",2010,1.110375,1.110375
"BD","Bangladesh",2011,,
"BD","Bangladesh",2012,,
"BD","Bangladesh",2013,,
"BY","Belarus",2000,1.249,1.249
"BY","Belarus",2001,1.249625,1.249625
"BY","Belarus",2002,1.24875,1.24875
"BY","Belarus",2003,1.24875,1.24875
"BY","Belarus",2004,1.249875,1.249875
"BY","Belarus",2005,1.2498125,
"BY","Belarus",2006,1.24975,1.24975
"BY","Belarus",2007,,
"BY","Belarus",2008,,
"BY","Belarus",2009,,
"BY","Belarus",2010,,
"BY","Belarus",2011,,
"BY","Belarus",2012,,
"BY","Belarus",2013,,
"BZ","Belize",2000,,
"BZ","Belize",2001,,
"BZ","Belize",2002,,
"BZ","Belize",2003,,
"BZ","Belize",2004,,
"BZ","Belize",2005,,
"BZ","Belize",2006,,
"BZ","Belize",2007,,
"BZ","Belize",2008,,
"BZ","Belize",2009,,
"BZ","Belize",2010,,
"BZ","Belize",2011,,
"BZ","Belize",2012,,
"BZ","Belize",2013,,
"BJ","Benin",2000,,
"BJ","Benin",2001,,
"BJ","Benin",2002,,
"BJ","Benin",2003,1.053375,1.053375
"BJ","Benin",2004,1.0490833333,
"BJ","Benin",2005,1.0447916667,
"BJ","Benin",2006,1.0405,
"BJ","Benin",2007,1.0362083333,
"BJ","Benin",2008,1.0319166667,
"BJ","Benin",2009,1.027625,
"BJ","Benin",2010,1.0233333333,
"BJ","Benin",2011,1.0190416667,
"BJ","Benin",2012,1.01475,1.01475
"BJ","Benin",2013,,
"BT","Bhutan",2000,,
"BT","Bhutan",2001,,
"BT","Bhutan",2002,,
"BT","Bhutan",2003,1.174375,1.174375
"BT","Bhutan",2004,1.187625,
"BT","Bhutan",2005,1.200875,
"BT","Bhutan",2006,1.214125,
"BT","Bhutan",2007,1.227375,1.227375
"BT","Bhutan",2008,1.230975,
"BT","Bhutan",2009,1.234575,
"BT","Bhutan",2010,1.238175,
"BT","Bhutan",2011,1.241775,
"BT","Bhutan",2012,1.245375,1.245375
"BT","Bhutan",2013,,
"BO","Bolivia ",2000,1.028,1.028
"BO","Bolivia ",2001,1.09925,1.09925
"BO","Bolivia ",2002,1.089625,1.089625
"BO","Bolivia ",2003,1.138125,
"BO","Bolivia ",2004,1.186625,1.186625
"BO","Bolivia ",2005,1.12775,1.12775
"BO","Bolivia ",2006,1.1475,1.1475
"BO","Bolivia ",2007,1.17175,1.17175
"BO","Bolivia ",2008,1.184,1.184
"BO","Bolivia ",2009,1.1805,1.1805
"BO","Bolivia ",2010,1.19575,
"BO","Bolivia ",2011,1.211,1.211
"BO","Bolivia ",2012,1.1975,1.1975
"BO","Bolivia ",2013,,
"BA","Bosnia and Herzegovina",2000,,
"BA","Bosnia and Herzegovina",2001,1.248875,1.248875
"BA","Bosnia and Herzegovina",2002,1.249125,
"BA","Bosnia and Herzegovina",2003,1.249375,
"BA","Bosnia and Herzegovina",2004,1.249625,1.249625
"BA","Bosnia and Herzegovina",2005,1.2497083333,
"BA","Bosnia and Herzegovina",2006,1.2497916667,
"BA","Bosnia and Herzegovina",2007,1.249875,1.249875
"BA","Bosnia and Herzegovina",2008,,
"BA","Bosnia and Herzegovina",2009,,
"BA","Bosnia and Herzegovina",2010,,
"BA","Bosnia and Herzegovina",2011,,
"BA","Bosnia and Herzegovina",2012,,
"BA","Bosnia and Herzegovina",2013,,
"BW","Botswana",2000,,
"BW","Botswana",2001,,
"BW","Botswana",2002,,
"BW","Botswana",2003,1.14325,1.14325
"BW","Botswana",2004,1.1528125,
"BW","Botswana",2005,1.162375,
"BW","Botswana",2006,1.1719375,
"BW","Botswana",2007,1.1815,
"BW","Botswana",2008,1.1910625,
"BW","Botswana",2009,1.200625,1.200625
"BW","Botswana",2010,,
"BW","Botswana",2011,,
"BW","Botswana",2012,,
"BW","Botswana",2013,,
"BR","Brazil",2000,,
"BR","Brazil",2001,1.1925,1.1925
"BR","Brazil",2002,1.203,1.203
"BR","Brazil",2003,1.19775,1.19775
"BR","Brazil",2004,1.2065,1.2065
"BR","Brazil",2005,1.2125,1.2125
"BR","Brazil",2006,1.217375,1.217375
"BR","Brazil",2007,1.21275,1.21275
"BR","Brazil",2008,1.219875,1.219875
"BR","Brazil",2009,1.22,1.22
"BR","Brazil",2010,1.2193125,
"BR","Brazil",2011,1.218625,1.218625
"BR","Brazil",2012,1.22325,1.22325
"BR","Brazil",2013,,
"BG","Bulgaria",2000,,
"BG","Bulgaria",2001,1.244125,1.244125
"BG","Bulgaria",2002,1.2465,
"BG","Bulgaria",2003,1.248875,1.248875
"BG","Bulgaria",2004,1.248875,
"BG","Bulgaria",2005,1.248875,
"BG","Bulgaria",2006,1.248875,
"BG","Bulgaria",2007,1.248875,1.248875
"BG","Bulgaria",2008,1.246,1.246
"BG","Bulgaria",2009,1.2445625,
"BG","Bulgaria",2010,1.243125,1.243125
"BG","Bulgaria",2011,1.239875,1.239875
"BG","Bulgaria",2012,,
"BG","Bulgaria",2013,,
"BF","Burkina Faso",2000,,
"BF","Burkina Faso",2001,,
"BF","Burkina Faso",2002,,
"BF","Burkina Faso",2003,1.021875,1.021875
"BF","Burkina Faso",2004,1.0295,
"BF","Burkina Faso",2005,1.037125,
"BF","Burkina Faso",2006,1.04475,
"BF","Burkina Faso",2007,1.052375,
"BF","Burkina Faso",2008,1.06,
"BF","Burkina Faso",2009,1.067625,1.067625
"BF","Burkina Faso",2010,,
"BF","Burkina Faso",2011,,
"BF","Burkina Faso",2012,,
"BF","Burkina Faso",2013,,
"BI","Burundi",2000,,
"BI","Burundi",2001,,
"BI","Burundi",2002,,
"BI","Burundi",2003,,
"BI","Burundi",2004,,
"BI","Burundi",2005,,
"BI","Burundi",2006,0.795125,0.795125
"BI","Burundi",2007,,
"BI","Burundi",2008,,
"BI","Burundi",2009,,
"BI","Burundi",2010,,
"BI","Burundi",2011,,
"BI","Burundi",2012,,
"BI","Burundi",2013,,
"CI","Côte d'Ivoire",2000,,
"CI","Côte d'Ivoire",2001,,
"CI","Côte d'Ivoire",2002,1.136125,1.136125
"CI","Côte d'Ivoire",2003,1.1286875,
"CI","Côte d'Ivoire",2004,1.12125,
"CI","Côte d'Ivoire",2005,1.1138125,
"CI","Côte d'Ivoire",2006,1.106375,
"CI","Côte d'Ivoire",2007,1.0989375,
"CI","Côte d'Ivoire",2008,1.0915,1.0915
"CI","Côte d'Ivoire",2009,,
"CI","Côte d'Ivoire",2010,,
"CI","Côte d'Ivoire",2011,,
"CI","Côte d'Ivoire",2012,,
"CI","Côte d'Ivoire",2013,,
"KH","Cambodia",2000,,
"KH","Cambodia",2001,,
"KH","Cambodia",2002,,
"KH","Cambodia",2003,,
"KH","Cambodia",2004,1.152625,1.152625
"KH","Cambodia",2005,1.1549166667,
"KH","Cambodia",2006,1.1572083333,
"KH","Cambodia",2007,1.1595,1.1595
"KH","Cambodia",2008,1.195125,1.195125
"KH","Cambodia",2009,1.224,1.224
"KH","Cambodia",2010,1.22875,1.22875
"KH","Cambodia",2011,1.232125,1.232125
"KH","Cambodia",2012,,
"KH","Cambodia",2013,,
"CM","Cameroon",2000,,
"CM","Cameroon",2001,1.166375,1.166375
"CM","Cameroon",2002,1.1652291667,
"CM","Cameroon",2003,1.1640833333,
"CM","Cameroon",2004,1.1629375,
"CM","Cameroon",2005,1.1617916667,
"CM","Cameroon",2006,1.1606458333,
"CM","Cameroon",2007,1.1595,1.1595
"CM","Cameroon",2008,,
"CM","Cameroon",2009,,
"CM","Cameroon",2010,,
"CM","Cameroon",2011,,
"CM","Cameroon",2012,,
"CM","Cameroon",2013,,
"CV","Cape Verde",2000,,
"CV","Cape Verde",2001,,
"CV","Cape Verde",2002,1.174375,1.174375
"CV","Cape Verde",2003,1.1803541667,
"CV","Cape Verde",2004,1.1863333333,
"CV","Cape Verde",2005,1.1923125,
"CV","Cape Verde",2006,1.1982916667,
"CV","Cape Verde",2007,1.2042708333,
"CV","Cape Verde",2008,1.21025,1.21025
"CV","Cape Verde",2009,,
"CV","Cape Verde",2010,,
"CV","Cape Verde",2011,,
"CV","Cape Verde",2012,,
"CV","Cape Verde",2013,,
"CF","CAR",2000,,
"CF","CAR",2001,,
"CF","CAR",2002,,
"CF","CAR",2003,0.89625,0.89625
"CF","CAR",2004,0.88885,
"CF","CAR",2005,0.88145,
"CF","CAR",2006,0.87405,
"CF","CAR",2007,0.86665,
"CF","CAR",2008,0.85925,0.85925
"CF","CAR",2009,,
"CF","CAR",2010,,
"CF","CAR",2011,,
"CF","CAR",2012,,
"CF","CAR",2013,,
"TD","Chad",2000,,
"TD","Chad",2001,,
"TD","Chad",2002,,
"TD","Chad",2003,0.9295,0.9295
"TD","Chad",2004,0.94740625,
"TD","Chad",2005,0.9653125,
"TD","Chad",2006,0.98321875,
"TD","Chad",2007,1.001125,
"TD","Chad",2008,1.01903125,
"TD","Chad",2009,1.0369375,
"TD","Chad",2010,1.05484375,
"TD","Chad",2011,1.07275,1.07275
"TD","Chad",2012,,
"TD","Chad",2013,,
"CL","Chile",2000,1.239375,1.239375
"CL","Chile",2001,1.2397916667,
"CL","Chile",2002,1.2402083333,
"CL","Chile",2003,1.240625,1.240625
"CL","Chile",2004,1.2418333333,
"CL","Chile",2005,1.2430416667,
"CL","Chile",2006,1.24425,1.24425
"CL","Chile",2007,1.2434166667,
"CL","Chile",2008,1.2425833333,
"CL","Chile",2009,1.24175,1.24175
"CL","Chile",2010,1.2435,
"CL","Chile",2011,1.24525,1.24525
"CL","Chile",2012,,
"CL","Chile",2013,,
"CN","China",2000,,
"CN","China",2001,,
"CN","China",2002,1.142875,1.142875
"CN","China",2003,1.1622916667,
"CN","China",2004,1.1817083333,
"CN","China",2005,1.201125,1.201125
"CN","China",2006,1.204625,
"CN","China",2007,1.208125,
"CN","China",2008,1.211625,1.211625
"CN","China",2009,1.218125,
"CN","China",2010,1.224625,1.224625
"CN","China",2011,1.2335,1.2335
"CN","China",2012,,
"CN","China",2013,,
"CO","Colombia",2000,1.10675,1.10675
"CO","Colombia",2001,1.13575,1.13575
"CO","Colombia",2002,1.196875,1.196875
"CO","Colombia",2003,1.2005,1.2005
"CO","Colombia",2004,1.210125,1.210125
"CO","Colombia",2005,1.214125,1.214125
"CO","Colombia",2006,1.182375,1.182375
"CO","Colombia",2007,1.199625,1.199625
"CO","Colombia",2008,1.2045,1.2045
"CO","Colombia",2009,1.211625,1.211625
"CO","Colombia",2010,1.221,1.221
"CO","Colombia",2011,1.22475,1.22475
"CO","Colombia",2012,1.220875,1.220875
"CO","Colombia",2013,,
"KM","Comoros",2000,,
"KM","Comoros",2001,,
"KM","Comoros",2002,,
"KM","Comoros",2003,,
"KM","Comoros",2004,0.98975,0.98975
"KM","Comoros",2005,,
"KM","Comoros",2006,,
"KM","Comoros",2007,,
"KM","Comoros",2008,,
"KM","Comoros",2009,,
"KM","Comoros",2010,,
"KM","Comoros",2011,,
"KM","Comoros",2012,,
"KM","Comoros",2013,,
"CG","Congo",2000,,
"CG","Congo",2001,,
"CG","Congo",2002,,
"CG","Congo",2003,,
"CG","Congo",2004,,
"CG","Congo",2005,0.96475,0.96475
"CG","Congo",2006,0.9883958333,
"CG","Congo",2007,1.0120416667,
"CG","Congo",2008,1.0356875,
"CG","Congo",2009,1.0593333333,
"CG","Congo",2010,1.0829791667,
"CG","Congo",2011,1.106625,1.106625
"CG","Congo",2012,,
"CG","Congo",2013,,
"CR","Costa Rica",2000,1.214625,1.214625
"CR","Costa Rica",2001,1.20925,1.20925
"CR","Costa Rica",2002,1.211125,1.211125
"CR","Costa Rica",2003,1.21375,1.21375
"CR","Costa Rica",2004,1.21725,1.21725
"CR","Costa Rica",2005,1.228,1.228
"CR","Costa Rica",2006,1.227,1.227
"CR","Costa Rica",2007,1.2365,1.2365
"CR","Costa Rica",2008,1.23225,1.23225
"CR","Costa Rica",2009,1.228375,1.228375
"CR","Costa Rica",2010,1.242,1.242
"CR","Costa Rica",2011,1.243,1.243
"CR","Costa Rica",2012,1.24275,1.24275
"CR","Costa Rica",2013,,
"HR","Croatia",2000,1.24925,1.24925
"HR","Croatia",2001,1.2495,1.2495
"HR","Croatia",2002,,
"HR","Croatia",2003,,
"HR","Croatia",2004,,
"HR","Croatia",2005,,
"HR","Croatia",2006,,
"HR","Croatia",2007,,
"HR","Croatia",2008,,
"HR","Croatia",2009,,
"HR","Croatia",2010,,
"HR","Croatia",2011,,
"HR","Croatia",2012,,
"HR","Croatia",2013,,
"CU","Cuba",2000,,
"CU","Cuba",2001,,
"CU","Cuba",2002,,
"CU","Cuba",2003,,
"CU","Cuba",2004,,
"CU","Cuba",2005,,
"CU","Cuba",2006,,
"CU","Cuba",2007,,
"CU","Cuba",2008,,
"CU","Cuba",2009,,
"CU","Cuba",2010,,
"CU","Cuba",2011,,
"CU","Cuba",2012,,
"CU","Cuba",2013,,
"CZ","Czech Republic",2000,,
"CZ","Czech Republic",2001,,
"CZ","Czech Republic",2002,,
"CZ","Czech Republic",2003,,
"CZ","Czech Republic",2004,,
"CZ","Czech Republic",2005,,
"CZ","Czech Republic",2006,1.24975,1.24975
"CZ","Czech Republic",2007,1.249625,
"CZ","Czech Republic",2008,1.2495,1.2495
"CZ","Czech Republic",2009,1.248875,1.248875
"CZ","Czech Republic",2010,1.249875,1.249875
"CZ","Czech Republic",2011,1.24925,1.24925
"CZ","Czech Republic",2012,,
"CZ","Czech Republic",2013,,
"DJ","Djibouti",2000,,
"DJ","Djibouti",2001,,
"DJ","Djibouti",2002,1.183875,1.183875
"DJ","Djibouti",2003,,
"DJ","Djibouti",2004,,
"DJ","Djibouti",2005,,
"DJ","Djibouti",2006,,
"DJ","Djibouti",2007,,
"DJ","Djibouti",2008,,
"DJ","Djibouti",2009,,
"DJ","Djibouti",2010,,
"DJ","Djibouti",2011,,
"DJ","Djibouti",2012,,
"DJ","Djibouti",2013,,
"DM","Dominica",2000,,
"DM","Dominica",2001,,
"DM","Dominica",2002,,
"DM","Dominica",2003,,
"DM","Dominica",2004,,
"DM","Dominica",2005,,
"DM","Dominica",2006,,
"DM","Dominica",2007,,
"DM","Dominica",2008,,
"DM","Dominica",2009,,
"DM","Dominica",2010,,
"DM","Dominica",2011,,
"DM","Dominica",2012,,
"DM","Dominica",2013,,
"DO","Dominican Republic",2000,1.228875,1.228875
"DO","Dominican Republic",2001,1.237375,1.237375
"DO","Dominican Republic",2002,1.22775,1.22775
"DO","Dominican Republic",2003,1.224,1.224
"DO","Dominican Republic",2004,1.21925,1.21925
"DO","Dominican Republic",2005,1.2305,1.2305
"DO","Dominican Republic",2006,1.235625,1.235625
"DO","Dominican Republic",2007,1.237125,1.237125
"DO","Dominican Republic",2008,1.239375,1.239375
"DO","Dominican Republic",2009,1.24075,1.24075
"DO","Dominican Republic",2010,1.2435,1.2435
"DO","Dominican Republic",2011,1.242125,1.242125
"DO","Dominican Republic",2012,1.2425,1.2425
"DO","Dominican Republic",2013,,
"CD","DRC",2000,,
"CD","DRC",2001,,
"CD","DRC",2002,,
"CD","DRC",2003,,
"CD","DRC",2004,,
"CD","DRC",2005,,
"CD","DRC",2006,0.5905,0.5905
"CD","DRC",2007,,
"CD","DRC",2008,,
"CD","DRC",2009,,
"CD","DRC",2010,,
"CD","DRC",2011,,
"CD","DRC",2012,,
"CD","DRC",2013,,
"EG","Egypt",2000,1.246,1.246
"EG","Egypt",2001,1.245725,
"EG","Egypt",2002,1.24545,
"EG","Egypt",2003,1.245175,
"EG","Egypt",2004,1.2449,
"EG","Egypt",2005,1.244625,1.244625
"EG","Egypt",2006,1.244875,
"EG","Egypt",2007,1.245125,
"EG","Egypt",2008,1.245375,1.245375
"EG","Egypt",2009,,
"EG","Egypt",2010,,
"EG","Egypt",2011,,
"EG","Egypt",2012,,
"EG","Egypt",2013,,
"SV","El Salvador",2000,1.153375,1.153375
"SV","El Salvador",2001,1.14575,1.14575
"SV","El Salvador",2002,1.148125,1.148125
"SV","El Salvador",2003,1.157375,1.157375
"SV","El Salvador",2004,1.208,1.208
"SV","El Salvador",2005,1.217375,1.217375
"SV","El Salvador",2006,1.236125,1.236125
"SV","El Salvador",2007,1.242,1.242
"SV","El Salvador",2008,1.23375,1.23375
"SV","El Salvador",2009,1.23675,1.23675
"SV","El Salvador",2010,1.2295,1.2295
"SV","El Salvador",2011,1.242625,1.242625
"SV","El Salvador",2012,1.243,1.243
"SV","El Salvador",2013,,
"GQ","Equatorial Guinea",2000,,
"GQ","Equatorial Guinea",2001,,
"GQ","Equatorial Guinea",2002,,
"GQ","Equatorial Guinea",2003,,
"GQ","Equatorial Guinea",2004,,
"GQ","Equatorial Guinea",2005,,
"GQ","Equatorial Guinea",2006,,
"GQ","Equatorial Guinea",2007,,
"GQ","Equatorial Guinea",2008,,
"GQ","Equatorial Guinea",2009,,
"GQ","Equatorial Guinea",2010,,
"GQ","Equatorial Guinea",2011,,
"GQ","Equatorial Guinea",2012,,
"GQ","Equatorial Guinea",2013,,
"ER","Eritrea",2000,,
"ER","Eritrea",2001,,
"ER","Eritrea",2002,,
"ER","Eritrea",2003,,
"ER","Eritrea",2004,,
"ER","Eritrea",2005,,
"ER","Eritrea",2006,,
"ER","Eritrea",2007,,
"ER","Eritrea",2008,,
"ER","Eritrea",2009,,
"ER","Eritrea",2010,,
"ER","Eritrea",2011,,
"ER","Eritrea",2012,,
"ER","Eritrea",2013,,
"EE","Estonia",2000,1.2485,1.2485
"EE","Estonia",2001,1.248,1.248
"EE","Estonia",2002,1.248,1.248
"EE","Estonia",2003,1.249,1.249
"EE","Estonia",2004,1.2436875,
"EE","Estonia",2005,1.238375,1.238375
"EE","Estonia",2006,1.242625,1.242625
"EE","Estonia",2007,1.245375,1.245375
"EE","Estonia",2008,1.244875,1.244875
"EE","Estonia",2009,1.241875,1.241875
"EE","Estonia",2010,1.23725,1.23725
"EE","Estonia",2011,1.23525,1.23525
"EE","Estonia",2012,,
"EE","Estonia",2013,,
"ET","Ethiopia",2000,1.05325,1.05325
"ET","Ethiopia",2001,1.0686,
"ET","Ethiopia",2002,1.08395,
"ET","Ethiopia",2003,1.0993,
"ET","Ethiopia",2004,1.11465,
"ET","Ethiopia",2005,1.13,1.13
"ET","Ethiopia",2006,1.1283541667,
"ET","Ethiopia",2007,1.1267083333,
"ET","Ethiopia",2008,1.1250625,
"ET","Ethiopia",2009,1.1234166667,
"ET","Ethiopia",2010,1.1217708333,
"ET","Ethiopia",2011,1.120125,1.120125
"ET","Ethiopia",2012,,
"ET","Ethiopia",2013,,
"FJ","Fiji",2000,,
"FJ","Fiji",2001,,
"FJ","Fiji",2002,,
"FJ","Fiji",2003,1.108875,1.108875
"FJ","Fiji",2004,1.1300208333,
"FJ","Fiji",2005,1.1511666667,
"FJ","Fiji",2006,1.1723125,
"FJ","Fiji",2007,1.1934583333,
"FJ","Fiji",2008,1.2146041667,
"FJ","Fiji",2009,1.23575,1.23575
"FJ","Fiji",2010,,
"FJ","Fiji",2011,,
"FJ","Fiji",2012,,
"FJ","Fiji",2013,,
"GA","Gabon",2000,,
"GA","Gabon",2001,,
"GA","Gabon",2002,,
"GA","Gabon",2003,,
"GA","Gabon",2004,,
"GA","Gabon",2005,1.234375,1.234375
"GA","Gabon",2006,,
"GA","Gabon",2007,,
"GA","Gabon",2008,,
"GA","Gabon",2009,,
"GA","Gabon",2010,,
"GA","Gabon",2011,,
"GA","Gabon",2012,,
"GA","Gabon",2013,,
"GM","Gambia",2000,,
"GM","Gambia",2001,,
"GM","Gambia",2002,,
"GM","Gambia",2003,1.103875,1.103875
"GM","Gambia",2004,,
"GM","Gambia",2005,,
"GM","Gambia",2006,,
"GM","Gambia",2007,,
"GM","Gambia",2008,,
"GM","Gambia",2009,,
"GM","Gambia",2010,,
"GM","Gambia",2011,,
"GM","Gambia",2012,,
"GM","Gambia",2013,,
"GE","Georgia",2000,1.16975,1.16975
"GE","Georgia",2001,1.175,1.175
"GE","Georgia",2002,1.19225,1.19225
"GE","Georgia",2003,1.185,1.185
"GE","Georgia",2004,1.18575,1.18575
"GE","Georgia",2005,1.18925,1.18925
"GE","Georgia",2006,1.1935,1.1935
"GE","Georgia",2007,1.1915,1.1915
"GE","Georgia",2008,1.194375,1.194375
"GE","Georgia",2009,1.19175,1.19175
"GE","Georgia",2010,1.178,1.178
"GE","Georgia",2011,1.179875,1.179875
"GE","Georgia",2012,1.193375,1.193375
"GE","Georgia",2013,,
"GH","Ghana",2000,,
"GH","Ghana",2001,,
"GH","Ghana",2002,,
"GH","Ghana",2003,,
"GH","Ghana",2004,,
"GH","Ghana",2005,,
"GH","Ghana",2006,1.1265,1.1265
"GH","Ghana",2007,,
"GH","Ghana",2008,,
"GH","Ghana",2009,,
"GH","Ghana",2010,,
"GH","Ghana",2011,,
"GH","Ghana",2012,,
"GH","Ghana",2013,,
"GD","Grenada",2000,,
"GD","Grenada",2001,,
"GD","Grenada",2002,,
"GD","Grenada",2003,,
"GD","Grenada",2004,,
"GD","Grenada",2005,,
"GD","Grenada",2006,,
"GD","Grenada",2007,,
"GD","Grenada",2008,,
"GD","Grenada",2009,,
"GD","Grenada",2010,,
"GD","Grenada",2011,,
"GD","Grenada",2012,,
"GD","Grenada",2013,,
"GT","Guatemala",2000,1.19325,1.19325
"GT","Guatemala",2001,1.1588125,
"GT","Guatemala",2002,1.124375,1.124375
"GT","Guatemala",2003,1.157375,1.157375
"GT","Guatemala",2004,1.168,1.168
"GT","Guatemala",2005,1.179625,
"GT","Guatemala",2006,1.19125,1.19125
"GT","Guatemala",2007,1.19105,
"GT","Guatemala",2008,1.19085,
"GT","Guatemala",2009,1.19065,
"GT","Guatemala",2010,1.19045,
"GT","Guatemala",2011,1.19025,1.19025
"GT","Guatemala",2012,,
"GT","Guatemala",2013,,
"GN","Guinea",2000,,
"GN","Guinea",2001,,
"GN","Guinea",2002,,
"GN","Guinea",2003,0.984,0.984
"GN","Guinea",2004,1.00984375,
"GN","Guinea",2005,1.0356875,
"GN","Guinea",2006,1.06153125,
"GN","Guinea",2007,1.087375,1.087375
"GN","Guinea",2008,1.08815,
"GN","Guinea",2009,1.088925,
"GN","Guinea",2010,1.0897,
"GN","Guinea",2011,1.090475,
"GN","Guinea",2012,1.09125,1.09125
"GN","Guinea",2013,,
"GW","Guinea-Bissau",2000,,
"GW","Guinea-Bissau",2001,,
"GW","Guinea-Bissau",2002,1.043125,1.043125
"GW","Guinea-Bissau",2003,,
"GW","Guinea-Bissau",2004,,
"GW","Guinea-Bissau",2005,,
"GW","Guinea-Bissau",2006,,
"GW","Guinea-Bissau",2007,,
"GW","Guinea-Bissau",2008,,
"GW","Guinea-Bissau",2009,,
"GW","Guinea-Bissau",2010,,
"GW","Guinea-Bissau",2011,,
"GW","Guinea-Bissau",2012,,
"GW","Guinea-Bissau",2013,,
"GY","Guyana",2000,,
"GY","Guyana",2001,,
"GY","Guyana",2002,,
"GY","Guyana",2003,,
"GY","Guyana",2004,,
"GY","Guyana",2005,,
"GY","Guyana",2006,,
"GY","Guyana",2007,,
"GY","Guyana",2008,,
"GY","Guyana",2009,,
"GY","Guyana",2010,,
"GY","Guyana",2011,,
"GY","Guyana",2012,,
"GY","Guyana",2013,,
"HT","Haiti",2000,,
"HT","Haiti",2001,0.846125,0.846125
"HT","Haiti",2002,,
"HT","Haiti",2003,,
"HT","Haiti",2004,,
"HT","Haiti",2005,,
"HT","Haiti",2006,,
"HT","Haiti",2007,,
"HT","Haiti",2008,,
"HT","Haiti",2009,,
"HT","Haiti",2010,,
"HT","Haiti",2011,,
"HT","Haiti",2012,,
"HT","Haiti",2013,,
"HN","Honduras",2000,,
"HN","Honduras",2001,1.157125,1.157125
"HN","Honduras",2002,1.07225,1.07225
"HN","Honduras",2003,1.1045,1.1045
"HN","Honduras",2004,1.113125,1.113125
"HN","Honduras",2005,1.08725,1.08725
"HN","Honduras",2006,1.11775,1.11775
"HN","Honduras",2007,1.172,1.172
"HN","Honduras",2008,1.179125,1.179125
"HN","Honduras",2009,1.197,1.197
"HN","Honduras",2010,1.190375,1.190375
"HN","Honduras",2011,1.159875,1.159875
"HN","Honduras",2012,,
"HN","Honduras",2013,,
"HU","Hungary",2000,,
"HU","Hungary",2001,,
"HU","Hungary",2002,,
"HU","Hungary",2003,,
"HU","Hungary",2004,,
"HU","Hungary",2005,,
"HU","Hungary",2006,1.249,1.249
"HU","Hungary",2007,1.2493125,
"HU","Hungary",2008,1.249625,1.249625
"HU","Hungary",2009,1.2493125,
"HU","Hungary",2010,1.249,1.249
"HU","Hungary",2011,1.249375,1.249375
"HU","Hungary",2012,,
"HU","Hungary",2013,,
"IN","India",2000,,
"IN","India",2001,,
"IN","India",2002,,
"IN","India",2003,,
"IN","India",2004,,
"IN","India",2005,1.118625,1.118625
"IN","India",2006,1.126175,
"IN","India",2007,1.133725,
"IN","India",2008,1.141275,
"IN","India",2009,1.148825,
"IN","India",2010,1.156375,1.156375
"IN","India",2011,1.1729527885,
"IN","India",2012,1.189530577,1.189530577
"IN","India",2013,,
"ID","Indonesia",2000,,
"ID","Indonesia",2001,,
"ID","Indonesia",2002,1.1745,1.1745
"ID","Indonesia",2003,1.1805416667,
"ID","Indonesia",2004,1.1865833333,
"ID","Indonesia",2005,1.192625,1.192625
"ID","Indonesia",2006,1.1920416667,
"ID","Indonesia",2007,1.1914583333,
"ID","Indonesia",2008,1.190875,1.190875
"ID","Indonesia",2009,1.1999375,
"ID","Indonesia",2010,1.209,1.209
"ID","Indonesia",2011,1.2165,1.2165
"ID","Indonesia",2012,,
"ID","Indonesia",2013,,
"IR","Iran",2000,,
"IR","Iran",2001,,
"IR","Iran",2002,,
"IR","Iran",2003,,
"IR","Iran",2004,,
"IR","Iran",2005,1.24575,1.24575
"IR","Iran",2006,,
"IR","Iran",2007,,
"IR","Iran",2008,,
"IR","Iran",2009,,
"IR","Iran",2010,,
"IR","Iran",2011,,
"IR","Iran",2012,,
"IR","Iran",2013,,
"IQ","Iraq",2000,,
"IQ","Iraq",2001,,
"IQ","Iraq",2002,,
"IQ","Iraq",2003,,
"IQ","Iraq",2004,,
"IQ","Iraq",2005,,
"IQ","Iraq",2006,,
"IQ","Iraq",2007,1.243,1.243
"IQ","Iraq",2008,1.2428,
"IQ","Iraq",2009,1.2426,
"IQ","Iraq",2010,1.2424,
"IQ","Iraq",2011,1.2422,
"IQ","Iraq",2012,1.242,1.242
"IQ","Iraq",2013,,
"JM","Jamaica",2000,,
"JM","Jamaica",2001,0.86775,0.86775
"JM","Jamaica",2002,1.24975,1.24975
"JM","Jamaica",2003,1.24975,
"JM","Jamaica",2004,1.24975,1.24975
"JM","Jamaica",2005,,
"JM","Jamaica",2006,,
"JM","Jamaica",2007,,
"JM","Jamaica",2008,,
"JM","Jamaica",2009,,
"JM","Jamaica",2010,,
"JM","Jamaica",2011,,
"JM","Jamaica",2012,,
"JM","Jamaica",2013,,
"JO","Jordan",2000,,
"JO","Jordan",2001,,
"JO","Jordan",2002,,
"JO","Jordan",2003,1.248,1.248
"JO","Jordan",2004,1.2484166667,
"JO","Jordan",2005,1.2488333333,
"JO","Jordan",2006,1.24925,1.24925
"JO","Jordan",2007,1.2495625,
"JO","Jordan",2008,1.249875,1.249875
"JO","Jordan",2009,1.2498125,
"JO","Jordan",2010,1.24975,1.24975
"JO","Jordan",2011,,
"JO","Jordan",2012,,
"JO","Jordan",2013,,
"KZ","Kazakhstan",2000,,
"KZ","Kazakhstan",2001,1.234,1.234
"KZ","Kazakhstan",2002,1.2415,1.2415
"KZ","Kazakhstan",2003,1.2445,1.2445
"KZ","Kazakhstan",2004,1.246625,1.246625
"KZ","Kazakhstan",2005,1.2479375,
"KZ","Kazakhstan",2006,1.24925,1.24925
"KZ","Kazakhstan",2007,1.24975,1.24975
"KZ","Kazakhstan",2008,1.2497916667,
"KZ","Kazakhstan",2009,1.2498333333,
"KZ","Kazakhstan",2010,1.249875,1.249875
"KZ","Kazakhstan",2011,,
"KZ","Kazakhstan",2012,,
"KZ","Kazakhstan",2013,,
"KE","Kenya",2000,,
"KE","Kenya",2001,,
"KE","Kenya",2002,,
"KE","Kenya",2003,,
"KE","Kenya",2004,,
"KE","Kenya",2005,1.038625,1.038625
"KE","Kenya",2006,,
"KE","Kenya",2007,,
"KE","Kenya",2008,,
"KE","Kenya",2009,,
"KE","Kenya",2010,,
"KE","Kenya",2011,,
"KE","Kenya",2012,,
"KE","Kenya",2013,,
"KI","Kiribati",2000,,
"KI","Kiribati",2001,,
"KI","Kiribati",2002,,
"KI","Kiribati",2003,,
"KI","Kiribati",2004,,
"KI","Kiribati",2005,,
"KI","Kiribati",2006,,
"KI","Kiribati",2007,,
"KI","Kiribati",2008,,
"KI","Kiribati",2009,,
"KI","Kiribati",2010,,
"KI","Kiribati",2011,,
"KI","Kiribati",2012,,
"KI","Kiribati",2013,,
"XK","Kosovo",2000,,
"XK","Kosovo",2001,,
"XK","Kosovo",2002,,
"XK","Kosovo",2003,,
"XK","Kosovo",2004,,
"XK","Kosovo",2005,,
"XK","Kosovo",2006,,
"XK","Kosovo",2007,,
"XK","Kosovo",2008,,
"XK","Kosovo",2009,,
"XK","Kosovo",2010,,
"XK","Kosovo",2011,,
"XK","Kosovo",2012,,
"XK","Kosovo",2013,,
"KG","Kyrgyzstan",2000,1.1295,1.1295
"KG","Kyrgyzstan",2001,1.1525,1.1525
"KG","Kyrgyzstan",2002,1.15875,1.15875
"KG","Kyrgyzstan",2003,1.186625,1.186625
"KG","Kyrgyzstan",2004,1.221625,1.221625
"KG","Kyrgyzstan",2005,1.17625,1.17625
"KG","Kyrgyzstan",2006,1.2075,1.2075
"KG","Kyrgyzstan",2007,1.249,1.249
"KG","Kyrgyzstan",2008,1.232625,1.232625
"KG","Kyrgyzstan",2009,1.23175,1.23175
"KG","Kyrgyzstan",2010,1.2325,1.2325
"KG","Kyrgyzstan",2011,1.23525,1.23525
"KG","Kyrgyzstan",2012,,
"KG","Kyrgyzstan",2013,,
"LA","Lao",2000,,
"LA","Lao",2001,,
"LA","Lao",2002,1.113375,1.113375
"LA","Lao",2003,1.117825,
"LA","Lao",2004,1.122275,
"LA","Lao",2005,1.126725,
"LA","Lao",2006,1.131175,
"LA","Lao",2007,1.135625,1.135625
"LA","Lao",2008,1.13935,
"LA","Lao",2009,1.143075,
"LA","Lao",2010,1.1468,
"LA","Lao",2011,1.150525,
"LA","Lao",2012,1.15425,1.15425
"LA","Lao",2013,,
"LV","Latvia",2000,,
"LV","Latvia",2001,,
"LV","Latvia",2002,1.24825,1.24825
"LV","Latvia",2003,1.249,
"LV","Latvia",2004,1.24975,1.24975
"LV","Latvia",2005,1.245125,
"LV","Latvia",2006,1.2405,1.2405
"LV","Latvia",2007,1.238875,
"LV","Latvia",2008,1.23725,
"LV","Latvia",2009,1.235625,
"LV","Latvia",2010,1.234,1.234
"LV","Latvia",2011,1.238125,1.238125
"LV","Latvia",2012,,
"LV","Latvia",2013,,
"LB","Lebanon",2000,,
"LB","Lebanon",2001,,
"LB","Lebanon",2002,,
"LB","Lebanon",2003,,
"LB","Lebanon",2004,,
"LB","Lebanon",2005,,
"LB","Lebanon",2006,,
"LB","Lebanon",2007,,
"LB","Lebanon",2008,,
"LB","Lebanon",2009,,
"LB","Lebanon",2010,,
"LB","Lebanon",2011,,
"LB","Lebanon",2012,,
"LB","Lebanon",2013,,
"LS","Lesotho",2000,,
"LS","Lesotho",2001,,
"LS","Lesotho",2002,,
"LS","Lesotho",2003,0.899875,0.899875
"LS","Lesotho",2004,0.8978035714,
"LS","Lesotho",2005,0.8957321429,
"LS","Lesotho",2006,0.8936607143,
"LS","Lesotho",2007,0.8915892857,
"LS","Lesotho",2008,0.8895178571,
"LS","Lesotho",2009,0.8874464286,
"LS","Lesotho",2010,0.885375,0.885375
"LS","Lesotho",2011,,
"LS","Lesotho",2012,,
"LS","Lesotho",2013,,
"LR","Liberia",2000,,
"LR","Liberia",2001,,
"LR","Liberia",2002,,
"LR","Liberia",2003,,
"LR","Liberia",2004,,
"LR","Liberia",2005,,
"LR","Liberia",2006,,
"LR","Liberia",2007,0.73875,0.73875
"LR","Liberia",2008,,
"LR","Liberia",2009,,
"LR","Liberia",2010,,
"LR","Liberia",2011,,
"LR","Liberia",2012,,
"LR","Liberia",2013,,
"LY","Libya",2000,,
"LY","Libya",2001,,
"LY","Libya",2002,,
"LY","Libya",2003,,
"LY","Libya",2004,,
"LY","Libya",2005,,
"LY","Libya",2006,,
"LY","Libya",2007,,
"LY","Libya",2008,,
"LY","Libya",2009,,
"LY","Libya",2010,,
"LY","Libya",2011,,
"LY","Libya",2012,,
"LY","Libya",2013,,
"LT","Lithuania",2000,1.249875,1.249875
"LT","Lithuania",2001,1.249125,1.249125
"LT","Lithuania",2002,1.24975,1.24975
"LT","Lithuania",2003,1.249875,1.249875
"LT","Lithuania",2004,1.249875,1.249875
"LT","Lithuania",2005,1.239375,1.239375
"LT","Lithuania",2006,1.242375,1.242375
"LT","Lithuania",2007,1.2460625,
"LT","Lithuania",2008,1.24975,1.24975
"LT","Lithuania",2009,1.242,
"LT","Lithuania",2010,1.23425,1.23425
"LT","Lithuania",2011,1.239875,1.239875
"LT","Lithuania",2012,,
"LT","Lithuania",2013,,
"MK","Macedonia",2000,1.238875,1.238875
"MK","Macedonia",2001,1.2435,
"MK","Macedonia",2002,1.248125,1.248125
"MK","Macedonia",2003,1.2485,1.2485
"MK","Macedonia",2004,1.24825,1.24825
"MK","Macedonia",2005,1.2495,1.2495
"MK","Macedonia",2006,1.247125,1.247125
"MK","Macedonia",2007,1.2483125,
"MK","Macedonia",2008,1.2495,1.2495
"MK","Macedonia",2009,,
"MK","Macedonia",2010,,
"MK","Macedonia",2011,,
"MK","Macedonia",2012,,
"MK","Macedonia",2013,,
"MG","Madagascar",2000,,
"MG","Madagascar",2001,0.732875,0.732875
"MG","Madagascar",2002,0.736,
"MG","Madagascar",2003,0.739125,
"MG","Madagascar",2004,0.74225,
"MG","Madagascar",2005,0.745375,0.745375
"MG","Madagascar",2006,0.724925,
"MG","Madagascar",2007,0.704475,
"MG","Madagascar",2008,0.684025,
"MG","Madagascar",2009,0.663575,
"MG","Madagascar",2010,0.643125,0.643125
"MG","Madagascar",2011,,
"MG","Madagascar",2012,,
"MG","Madagascar",2013,,
"MW","Malawi",2000,,
"MW","Malawi",2001,,
"MW","Malawi",2002,,
"MW","Malawi",2003,,
"MW","Malawi",2004,0.83525,0.83525
"MW","Malawi",2005,0.8330208333,
"MW","Malawi",2006,0.8307916667,
"MW","Malawi",2007,0.8285625,
"MW","Malawi",2008,0.8263333333,
"MW","Malawi",2009,0.8241041667,
"MW","Malawi",2010,0.821875,0.821875
"MW","Malawi",2011,,
"MW","Malawi",2012,,
"MW","Malawi",2013,,
"MY","Malaysia",2000,,
"MY","Malaysia",2001,,
"MY","Malaysia",2002,,
"MY","Malaysia",2003,,
"MY","Malaysia",2004,1.24925,1.24925
"MY","Malaysia",2005,,
"MY","Malaysia",2006,,
"MY","Malaysia",2007,,
"MY","Malaysia",2008,,
"MY","Malaysia",2009,,
"MY","Malaysia",2010,,
"MY","Malaysia",2011,,
"MY","Malaysia",2012,,
"MY","Malaysia",2013,,
"MV","Maldives",2000,,
"MV","Maldives",2001,,
"MV","Maldives",2002,,
"MV","Maldives",2003,,
"MV","Maldives",2004,1.24825,1.24825
"MV","Maldives",2005,,
"MV","Maldives",2006,,
"MV","Maldives",2007,,
"MV","Maldives",2008,,
"MV","Maldives",2009,,
"MV","Maldives",2010,,
"MV","Maldives",2011,,
"MV","Maldives",2012,,
"MV","Maldives",2013,,
"ML","Mali",2000,,
"ML","Mali",2001,0.92775,0.92775
"ML","Mali",2002,0.945225,
"ML","Mali",2003,0.9627,
"ML","Mali",2004,0.980175,
"ML","Mali",2005,0.99765,
"ML","Mali",2006,1.015125,1.015125
"ML","Mali",2007,1.0224375,
"ML","Mali",2008,1.02975,
"ML","Mali",2009,1.0370625,
"ML","Mali",2010,1.044375,1.044375
"ML","Mali",2011,,
"ML","Mali",2012,,
"ML","Mali",2013,,
"MH","Marshall Islands",2000,,
"MH","Marshall Islands",2001,,
"MH","Marshall Islands",2002,,
"MH","Marshall Islands",2003,,
"MH","Marshall Islands",2004,,
"MH","Marshall Islands",2005,,
"MH","Marshall Islands",2006,,
"MH","Marshall Islands",2007,,
"MH","Marshall Islands",2008,,
"MH","Marshall Islands",2009,,
"MH","Marshall Islands",2010,,
"MH","Marshall Islands",2011,,
"MH","Marshall Islands",2012,,
"MH","Marshall Islands",2013,,
"MR","Mauritania",2000,1.17925,1.17925
"MR","Mauritania",2001,1.17521875,
"MR","Mauritania",2002,1.1711875,
"MR","Mauritania",2003,1.16715625,
"MR","Mauritania",2004,1.163125,1.163125
"MR","Mauritania",2005,1.163625,
"MR","Mauritania",2006,1.164125,
"MR","Mauritania",2007,1.164625,
"MR","Mauritania",2008,1.165125,1.165125
"MR","Mauritania",2009,,
"MR","Mauritania",2010,,
"MR","Mauritania",2011,,
"MR","Mauritania",2012,,
"MR","Mauritania",2013,,
"MU","Mauritius",2000,,
"MU","Mauritius",2001,,
"MU","Mauritius",2002,,
"MU","Mauritius",2003,,
"MU","Mauritius",2004,,
"MU","Mauritius",2005,,
"MU","Mauritius",2006,1.249125,1.249125
"MU","Mauritius",2007,1.2488958333,
"MU","Mauritius",2008,1.2486666667,
"MU","Mauritius",2009,1.2484375,
"MU","Mauritius",2010,1.2482083333,
"MU","Mauritius",2011,1.2479791667,
"MU","Mauritius",2012,1.24775,1.24775
"MU","Mauritius",2013,,
"MX","Mexico",2000,1.231625,1.231625
"MX","Mexico",2001,1.236,
"MX","Mexico",2002,1.240375,1.240375
"MX","Mexico",2003,1.244375,
"MX","Mexico",2004,1.248375,1.248375
"MX","Mexico",2005,1.2245,1.2245
"MX","Mexico",2006,1.248375,1.248375
"MX","Mexico",2007,1.2470625,
"MX","Mexico",2008,1.24575,1.24575
"MX","Mexico",2009,1.246875,
"MX","Mexico",2010,1.248,1.248
"MX","Mexico",2011,1.2475625,
"MX","Mexico",2012,1.247125,1.247125
"MX","Mexico",2013,,
"FM","Micronesia",2000,1.046,1.046
"FM","Micronesia",2001,,
"FM","Micronesia",2002,,
"FM","Micronesia",2003,,
"FM","Micronesia",2004,,
"FM","Micronesia",2005,,
"FM","Micronesia",2006,,
"FM","Micronesia",2007,,
"FM","Micronesia",2008,,
"FM","Micronesia",2009,,
"FM","Micronesia",2010,,
"FM","Micronesia",2011,,
"FM","Micronesia",2012,,
"FM","Micronesia",2013,,
"MD","Moldova",2000,,
"MD","Moldova",2001,1.16125,1.16125
"MD","Moldova",2002,1.208625,1.208625
"MD","Moldova",2003,1.236375,1.236375
"MD","Moldova",2004,1.231875,1.231875
"MD","Moldova",2005,1.213625,1.213625
"MD","Moldova",2006,1.2435,1.2435
"MD","Moldova",2007,1.247,1.247
"MD","Moldova",2008,1.247375,1.247375
"MD","Moldova",2009,1.248625,1.248625
"MD","Moldova",2010,1.248875,1.248875
"MD","Moldova",2011,1.249625,1.249625
"MD","Moldova",2012,,
"MD","Moldova",2013,,
"MN","Mongolia",2000,,
"MN","Mongolia",2001,,
"MN","Mongolia",2002,,
"MN","Mongolia",2003,,
"MN","Mongolia",2004,,
"MN","Mongolia",2005,,
"MN","Mongolia",2006,,
"MN","Mongolia",2007,,
"MN","Mongolia",2008,,
"MN","Mongolia",2009,,
"MN","Mongolia",2010,,
"MN","Mongolia",2011,,
"MN","Mongolia",2012,,
"MN","Mongolia",2013,,
"ME","Montenegro",2000,,
"ME","Montenegro",2001,,
"ME","Montenegro",2002,,
"ME","Montenegro",2003,,
"ME","Montenegro",2004,,
"ME","Montenegro",2005,1.24925,1.24925
"ME","Montenegro",2006,1.2495,
"ME","Montenegro",2007,1.24975,1.24975
"ME","Montenegro",2008,1.2495,1.2495
"ME","Montenegro",2009,1.2493333333,
"ME","Montenegro",2010,1.2491666667,
"ME","Montenegro",2011,1.249,1.249
"ME","Montenegro",2012,,
"ME","Montenegro",2013,,
"MA","Morocco",2000,,
"MA","Morocco",2001,1.23825,1.23825
"MA","Morocco",2002,1.2390625,
"MA","Morocco",2003,1.239875,
"MA","Morocco",2004,1.2406875,
"MA","Morocco",2005,1.2415,
"MA","Morocco",2006,1.2423125,
"MA","Morocco",2007,1.243125,1.243125
"MA","Morocco",2008,,
"MA","Morocco",2009,,
"MA","Morocco",2010,,
"MA","Morocco",2011,,
"MA","Morocco",2012,,
"MA","Morocco",2013,,
"MZ","Mozambique",2000,,
"MZ","Mozambique",2001,,
"MZ","Mozambique",2002,,
"MZ","Mozambique",2003,0.8075,0.8075
"MZ","Mozambique",2004,0.8274166667,
"MZ","Mozambique",2005,0.8473333333,
"MZ","Mozambique",2006,0.86725,
"MZ","Mozambique",2007,0.8871666667,
"MZ","Mozambique",2008,0.9070833333,
"MZ","Mozambique",2009,0.927,0.927
"MZ","Mozambique",2010,,
"MZ","Mozambique",2011,,
"MZ","Mozambique",2012,,
"MZ","Mozambique",2013,,
"MM","Myanmar",2000,,
"MM","Myanmar",2001,,
"MM","Myanmar",2002,,
"MM","Myanmar",2003,,
"MM","Myanmar",2004,,
"MM","Myanmar",2005,,
"MM","Myanmar",2006,,
"MM","Myanmar",2007,,
"MM","Myanmar",2008,,
"MM","Myanmar",2009,,
"MM","Myanmar",2010,,
"MM","Myanmar",2011,,
"MM","Myanmar",2012,,
"MM","Myanmar",2013,,
"NA","Namibia",2000,,
"NA","Namibia",2001,,
"NA","Namibia",2002,,
"NA","Namibia",2003,,
"NA","Namibia",2004,1.131875,1.131875
"NA","Namibia",2005,1.1396041667,
"NA","Namibia",2006,1.1473333333,
"NA","Namibia",2007,1.1550625,
"NA","Namibia",2008,1.1627916667,
"NA","Namibia",2009,1.1705208333,
"NA","Namibia",2010,1.17825,1.17825
"NA","Namibia",2011,,
"NA","Namibia",2012,,
"NA","Namibia",2013,,
"NP","Nepal",2000,,
"NP","Nepal",2001,,
"NP","Nepal",2002,,
"NP","Nepal",2003,1.020125,1.020125
"NP","Nepal",2004,1.0436607143,
"NP","Nepal",2005,1.0671964286,
"NP","Nepal",2006,1.0907321429,
"NP","Nepal",2007,1.1142678571,
"NP","Nepal",2008,1.1378035714,
"NP","Nepal",2009,1.1613392857,
"NP","Nepal",2010,1.184875,1.184875
"NP","Nepal",2011,,
"NP","Nepal",2012,,
"NP","Nepal",2013,,
"NI","Nicaragua",2000,,
"NI","Nicaragua",2001,1.204375,1.204375
"NI","Nicaragua",2002,1.2146875,
"NI","Nicaragua",2003,1.225,
"NI","Nicaragua",2004,1.2353125,
"NI","Nicaragua",2005,1.245625,1.245625
"NI","Nicaragua",2006,1.2375625,
"NI","Nicaragua",2007,1.2295,
"NI","Nicaragua",2008,1.2214375,
"NI","Nicaragua",2009,1.213375,1.213375
"NI","Nicaragua",2010,,
"NI","Nicaragua",2011,,
"NI","Nicaragua",2012,,
"NI","Nicaragua",2013,,
"NE","Niger",2000,,
"NE","Niger",2001,,
"NE","Niger",2002,,
"NE","Niger",2003,,
"NE","Niger",2004,,
"NE","Niger",2005,0.993875,0.993875
"NE","Niger",2006,1.0302916667,
"NE","Niger",2007,1.0667083333,
"NE","Niger",2008,1.103125,1.103125
"NE","Niger",2009,1.1086666667,
"NE","Niger",2010,1.1142083333,
"NE","Niger",2011,1.11975,1.11975
"NE","Niger",2012,,
"NE","Niger",2013,,
"NG","Nigeria",2000,,
"NG","Nigeria",2001,,
"NG","Nigeria",2002,,
"NG","Nigeria",2003,,
"NG","Nigeria",2004,0.913875,0.913875
"NG","Nigeria",2005,0.9126875,
"NG","Nigeria",2006,0.9115,
"NG","Nigeria",2007,0.9103125,
"NG","Nigeria",2008,0.909125,
"NG","Nigeria",2009,0.9079375,
"NG","Nigeria",2010,0.90675,0.90675
"NG","Nigeria",2011,,
"NG","Nigeria",2012,,
"NG","Nigeria",2013,,
"PK","Pakistan",2000,,
"PK","Pakistan",2001,,
"PK","Pakistan",2002,1.151,1.151
"PK","Pakistan",2003,1.165875,
"PK","Pakistan",2004,1.18075,
"PK","Pakistan",2005,1.195625,1.195625
"PK","Pakistan",2006,1.19925,1.19925
"PK","Pakistan",2007,1.2081875,
"PK","Pakistan",2008,1.217125,1.217125
"PK","Pakistan",2009,1.22,
"PK","Pakistan",2010,1.222875,
"PK","Pakistan",2011,1.22575,1.22575
"PK","Pakistan",2012,,
"PK","Pakistan",2013,,
"PW","Palau",2000,,
"PW","Palau",2001,,
"PW","Palau",2002,,
"PW","Palau",2003,,
"PW","Palau",2004,,
"PW","Palau",2005,,
"PW","Palau",2006,,
"PW","Palau",2007,,
"PW","Palau",2008,,
"PW","Palau",2009,,
"PW","Palau",2010,,
"PW","Palau",2011,,
"PW","Palau",2012,,
"PW","Palau",2013,,
"PS","Palestine",2000,,
"PS","Palestine",2001,,
"PS","Palestine",2002,,
"PS","Palestine",2003,,
"PS","Palestine",2004,1.249,1.249
"PS","Palestine",2005,1.24875,
"PS","Palestine",2006,1.2485,
"PS","Palestine",2007,1.24825,1.24825
"PS","Palestine",2008,1.2490625,
"PS","Palestine",2009,1.249875,1.249875
"PS","Palestine",2010,,
"PS","Palestine",2011,,
"PS","Palestine",2012,,
"PS","Palestine",2013,,
"PA","Panama",2000,1.136625,1.136625
"PA","Panama",2001,1.1651875,
"PA","Panama",2002,1.19375,1.19375
"PA","Panama",2003,1.194,1.194
"PA","Panama",2004,1.201,1.201
"PA","Panama",2005,1.204,1.204
"PA","Panama",2006,1.195875,1.195875
"PA","Panama",2007,1.2185,1.2185
"PA","Panama",2008,1.233625,1.233625
"PA","Panama",2009,1.24,1.24
"PA","Panama",2010,1.23575,1.23575
"PA","Panama",2011,1.23575,1.23575
"PA","Panama",2012,1.234,1.234
"PA","Panama",2013,,
"PG","Papua New Guinea",2000,,
"PG","Papua New Guinea",2001,,
"PG","Papua New Guinea",2002,,
"PG","Papua New Guinea",2003,,
"PG","Papua New Guinea",2004,,
"PG","Papua New Guinea",2005,,
"PG","Papua New Guinea",2006,,
"PG","Papua New Guinea",2007,,
"PG","Papua New Guinea",2008,,
"PG","Papua New Guinea",2009,,
"PG","Papua New Guinea",2010,,
"PG","Papua New Guinea",2011,,
"PG","Papua New Guinea",2012,,
"PG","Papua New Guinea",2013,,
"PY","Paraguay",2000,,
"PY","Paraguay",2001,1.20975,1.20975
"PY","Paraguay",2002,1.189625,1.189625
"PY","Paraguay",2003,1.215375,1.215375
"PY","Paraguay",2004,1.227,1.227
"PY","Paraguay",2005,1.222375,1.222375
"PY","Paraguay",2006,1.214625,1.214625
"PY","Paraguay",2007,1.21875,1.21875
"PY","Paraguay",2008,1.232625,1.232625
"PY","Paraguay",2009,1.226125,1.226125
"PY","Paraguay",2010,1.22725,1.22725
"PY","Paraguay",2011,1.22875,1.22875
"PY","Paraguay",2012,1.238,1.238
"PY","Paraguay",2013,,
"PE","Peru",2000,1.1925,1.1925
"PE","Peru",2001,1.189125,1.189125
"PE","Peru",2002,1.198375,1.198375
"PE","Peru",2003,1.215375,1.215375
"PE","Peru",2004,1.226375,1.226375
"PE","Peru",2005,1.221,1.221
"PE","Peru",2006,1.22725,1.22725
"PE","Peru",2007,1.226875,1.226875
"PE","Peru",2008,1.233125,1.233125
"PE","Peru",2009,1.2375,1.2375
"PE","Peru",2010,1.240875,1.240875
"PE","Peru",2011,1.240375,1.240375
"PE","Peru",2012,1.24025,1.24025
"PE","Peru",2013,,
"PH","Philippines",2000,1.17075,1.17075
"PH","Philippines",2001,1.1726666667,
"PH","Philippines",2002,1.1745833333,
"PH","Philippines",2003,1.1765,1.1765
"PH","Philippines",2004,1.1782083333,
"PH","Philippines",2005,1.1799166667,
"PH","Philippines",2006,1.181625,1.181625
"PH","Philippines",2007,1.1893333333,
"PH","Philippines",2008,1.1970416667,
"PH","Philippines",2009,1.20475,1.20475
"PH","Philippines",2010,1.2030833333,
"PH","Philippines",2011,1.2014166667,
"PH","Philippines",2012,1.19975,1.19975
"PH","Philippines",2013,,
"PL","Poland",2000,1.249875,1.249875
"PL","Poland",2001,1.249875,1.249875
"PL","Poland",2002,1.249875,
"PL","Poland",2003,1.249875,
"PL","Poland",2004,1.249875,1.249875
"PL","Poland",2005,1.249875,1.249875
"PL","Poland",2006,,
"PL","Poland",2007,,
"PL","Poland",2008,,
"PL","Poland",2009,,
"PL","Poland",2010,,
"PL","Poland",2011,,
"PL","Poland",2012,,
"PL","Poland",2013,,
"RO","Romania",2000,,
"RO","Romania",2001,1.244375,1.244375
"RO","Romania",2002,1.24325,1.24325
"RO","Romania",2003,1.24625,1.24625
"RO","Romania",2004,,
"RO","Romania",2005,,
"RO","Romania",2006,,
"RO","Romania",2007,,
"RO","Romania",2008,,
"RO","Romania",2009,,
"RO","Romania",2010,,
"RO","Romania",2011,,
"RO","Romania",2012,,
"RO","Romania",2013,,
"RU","Russian Federation",2000,,
"RU","Russian Federation",2001,1.247625,1.247625
"RU","Russian Federation",2002,1.248625,1.248625
"RU","Russian Federation",2003,1.249125,1.249125
"RU","Russian Federation",2004,1.24775,1.24775
"RU","Russian Federation",2005,1.2495,1.2495
"RU","Russian Federation",2006,1.2495,1.2495
"RU","Russian Federation",2007,1.24975,1.24975
"RU","Russian Federation",2008,1.2498125,
"RU","Russian Federation",2009,1.249875,1.249875
"RU","Russian Federation",2010,,
"RU","Russian Federation",2011,,
"RU","Russian Federation",2012,,
"RU","Russian Federation",2013,,
"RW","Rwanda",2000,0.72775,0.72775
"RW","Rwanda",2001,0.7424791667,
"RW","Rwanda",2002,0.7572083333,
"RW","Rwanda",2003,0.7719375,
"RW","Rwanda",2004,0.7866666667,
"RW","Rwanda",2005,0.8013958333,
"RW","Rwanda",2006,0.816125,0.816125
"RW","Rwanda",2007,0.836575,
"RW","Rwanda",2008,0.857025,
"RW","Rwanda",2009,0.877475,
"RW","Rwanda",2010,0.897925,
"RW","Rwanda",2011,0.918375,0.918375
"RW","Rwanda",2012,,
"RW","Rwanda",2013,,
"KN","Saint Kitts and Nevis",2000,,
"KN","Saint Kitts and Nevis",2001,,
"KN","Saint Kitts and Nevis",2002,,
"KN","Saint Kitts and Nevis",2003,,
"KN","Saint Kitts and Nevis",2004,,
"KN","Saint Kitts and Nevis",2005,,
"KN","Saint Kitts and Nevis",2006,,
"KN","Saint Kitts and Nevis",2007,,
"KN","Saint Kitts and Nevis",2008,,
"KN","Saint Kitts and Nevis",2009,,
"KN","Saint Kitts and Nevis",2010,,
"KN","Saint Kitts and Nevis",2011,,
"KN","Saint Kitts and Nevis",2012,,
"KN","Saint Kitts and Nevis",2013,,
"LC","Saint Lucia",2000,,
"LC","Saint Lucia",2001,,
"LC","Saint Lucia",2002,,
"LC","Saint Lucia",2003,,
"LC","Saint Lucia",2004,,
"LC","Saint Lucia",2005,,
"LC","Saint Lucia",2006,,
"LC","Saint Lucia",2007,,
"LC","Saint Lucia",2008,,
"LC","Saint Lucia",2009,,
"LC","Saint Lucia",2010,,
"LC","Saint Lucia",2011,,
"LC","Saint Lucia",2012,,
"LC","Saint Lucia",2013,,
"VC","Saint Vincent and the Grenadines",2000,,
"VC","Saint Vincent and the Grenadines",2001,,
"VC","Saint Vincent and the Grenadines",2002,,
"VC","Saint Vincent and the Grenadines",2003,,
"VC","Saint Vincent and the Grenadines",2004,,
"VC","Saint Vincent and the Grenadines",2005,,
"VC","Saint Vincent and the Grenadines",2006,,
"VC","Saint Vincent and the Grenadines",2007,,
"VC","Saint Vincent and the Grenadines",2008,,
"VC","Saint Vincent and the Grenadines",2009,,
"VC","Saint Vincent and the Grenadines",2010,,
"VC","Saint Vincent and the Grenadines",2011,,
"VC","Saint Vincent and the Grenadines",2012,,
"VC","Saint Vincent and the Grenadines",2013,,
"WS","Samoa",2000,,
"WS","Samoa",2001,,
"WS","Samoa",2002,,
"WS","Samoa",2003,,
"WS","Samoa",2004,,
"WS","Samoa",2005,,
"WS","Samoa",2006,,
"WS","Samoa",2007,,
"WS","Samoa",2008,,
"WS","Samoa",2009,,
"WS","Samoa",2010,,
"WS","Samoa",2011,,
"WS","Samoa",2012,,
"WS","Samoa",2013,,
"ST","Sao Tome and Principe",2000,,
"ST","Sao Tome and Principe",2001,1.151625,1.151625
"ST","Sao Tome and Principe",2002,1.1431944444,
"ST","Sao Tome and Principe",2003,1.1347638889,
"ST","Sao Tome and Principe",2004,1.1263333333,
"ST","Sao Tome and Principe",2005,1.1179027778,
"ST","Sao Tome and Principe",2006,1.1094722222,
"ST","Sao Tome and Principe",2007,1.1010416667,
"ST","Sao Tome and Principe",2008,1.0926111111,
"ST","Sao Tome and Principe",2009,1.0841805556,
"ST","Sao Tome and Principe",2010,1.07575,1.07575
"ST","Sao Tome and Principe",2011,,
"ST","Sao Tome and Principe",2012,,
"ST","Sao Tome and Principe",2013,,
"SN","Senegal",2000,,
"SN","Senegal",2001,1.071125,1.071125
"SN","Senegal",2002,1.08209375,
"SN","Senegal",2003,1.0930625,
"SN","Senegal",2004,1.10403125,
"SN","Senegal",2005,1.115,1.115
"SN","Senegal",2006,1.1144166667,
"SN","Senegal",2007,1.1138333333,
"SN","Senegal",2008,1.11325,
"SN","Senegal",2009,1.1126666667,
"SN","Senegal",2010,1.1120833333,
"SN","Senegal",2011,1.1115,1.1115
"SN","Senegal",2012,,
"SN","Senegal",2013,,
"RS","Serbia",2000,,
"RS","Serbia",2001,,
"RS","Serbia",2002,1.24775,1.24775
"RS","Serbia",2003,1.248875,1.248875
"RS","Serbia",2004,1.2485,1.2485
"RS","Serbia",2005,1.247875,1.247875
"RS","Serbia",2006,1.2495,1.2495
"RS","Serbia",2007,1.2495,1.2495
"RS","Serbia",2008,1.24975,1.24975
"RS","Serbia",2009,,
"RS","Serbia",2010,,
"RS","Serbia",2011,,
"RS","Serbia",2012,,
"RS","Serbia",2013,,
"SC","Seychelles",2000,,
"SC","Seychelles",2001,,
"SC","Seychelles",2002,,
"SC","Seychelles",2003,,
"SC","Seychelles",2004,,
"SC","Seychelles",2005,,
"SC","Seychelles",2006,,
"SC","Seychelles",2007,1.249125,1.249125
"SC","Seychelles",2008,,
"SC","Seychelles",2009,,
"SC","Seychelles",2010,,
"SC","Seychelles",2011,,
"SC","Seychelles",2012,,
"SC","Seychelles",2013,,
"SL","Sierra Leone",2000,,
"SL","Sierra Leone",2001,,
"SL","Sierra Leone",2002,,
"SL","Sierra Leone",2003,0.966125,0.966125
"SL","Sierra Leone",2004,0.971546875,
"SL","Sierra Leone",2005,0.97696875,
"SL","Sierra Leone",2006,0.982390625,
"SL","Sierra Leone",2007,0.9878125,
"SL","Sierra Leone",2008,0.993234375,
"SL","Sierra Leone",2009,0.99865625,
"SL","Sierra Leone",2010,1.004078125,
"SL","Sierra Leone",2011,1.0095,1.0095
"SL","Sierra Leone",2012,,
"SL","Sierra Leone",2013,,
"SK","Slovakia",2000,,
"SK","Slovakia",2001,,
"SK","Slovakia",2002,,
"SK","Slovakia",2003,,
"SK","Slovakia",2004,1.24825,1.24825
"SK","Slovakia",2005,1.2482083333,
"SK","Slovakia",2006,1.2481666667,
"SK","Slovakia",2007,1.248125,
"SK","Slovakia",2008,1.2480833333,
"SK","Slovakia",2009,1.2480416667,
"SK","Slovakia",2010,1.248,1.248
"SK","Slovakia",2011,1.247625,1.247625
"SK","Slovakia",2012,,
"SK","Slovakia",2013,,
"SI","Slovenia",2000,,
"SI","Slovenia",2001,,
"SI","Slovenia",2002,1.249375,1.249375
"SI","Slovenia",2003,1.2493125,
"SI","Slovenia",2004,1.24925,1.24925
"SI","Slovenia",2005,1.2495,1.2495
"SI","Slovenia",2006,1.224625,1.224625
"SI","Slovenia",2007,1.237125,
"SI","Slovenia",2008,1.249625,1.249625
"SI","Slovenia",2009,1.2494375,
"SI","Slovenia",2010,1.24925,1.24925
"SI","Slovenia",2011,,
"SI","Slovenia",2012,,
"SI","Slovenia",2013,,
"SB","Solomon Islands",2000,,
"SB","Solomon Islands",2001,,
"SB","Solomon Islands",2002,,
"SB","Solomon Islands",2003,,
"SB","Solomon Islands",2004,,
"SB","Solomon Islands",2005,,
"SB","Solomon Islands",2006,,
"SB","Solomon Islands",2007,,
"SB","Solomon Islands",2008,,
"SB","Solomon Islands",2009,,
"SB","Solomon Islands",2010,,
"SB","Solomon Islands",2011,,
"SB","Solomon Islands",2012,,
"SB","Solomon Islands",2013,,
"SO","Somalia",2000,,
"SO","Somalia",2001,,
"SO","Somalia",2002,,
"SO","Somalia",2003,,
"SO","Somalia",2004,,
"SO","Somalia",2005,,
"SO","Somalia",2006,,
"SO","Somalia",2007,,
"SO","Somalia",2008,,
"SO","Somalia",2009,,
"SO","Somalia",2010,,
"SO","Somalia",2011,,
"SO","Somalia",2012,,
"SO","Somalia",2013,,
"ZA","South Africa",2000,1.14775,1.14775
"ZA","South Africa",2001,1.1584166667,
"ZA","South Africa",2002,1.1690833333,
"ZA","South Africa",2003,1.17975,
"ZA","South Africa",2004,1.1904166667,
"ZA","South Africa",2005,1.2010833333,
"ZA","South Africa",2006,1.21175,1.21175
"ZA","South Africa",2007,1.2150416667,
"ZA","South Africa",2008,1.2183333333,
"ZA","South Africa",2009,1.221625,1.221625
"ZA","South Africa",2010,1.228375,
"ZA","South Africa",2011,1.235125,1.235125
"ZA","South Africa",2012,,
"ZA","South Africa",2013,,
"SS","South Sudan",2000,,
"SS","South Sudan",2001,,
"SS","South Sudan",2002,,
"SS","South Sudan",2003,,
"SS","South Sudan",2004,,
"SS","South Sudan",2005,,
"SS","South Sudan",2006,,
"SS","South Sudan",2007,,
"SS","South Sudan",2008,,
"SS","South Sudan",2009,,
"SS","South Sudan",2010,,
"SS","South Sudan",2011,,
"SS","South Sudan",2012,,
"SS","South Sudan",2013,,
"LK","Sri Lanka",2000,,
"LK","Sri Lanka",2001,,
"LK","Sri Lanka",2002,1.217,1.217
"LK","Sri Lanka",2003,1.22115,
"LK","Sri Lanka",2004,1.2253,
"LK","Sri Lanka",2005,1.22945,
"LK","Sri Lanka",2006,1.2336,
"LK","Sri Lanka",2007,1.23775,1.23775
"LK","Sri Lanka",2008,1.239125,
"LK","Sri Lanka",2009,1.2405,
"LK","Sri Lanka",2010,1.241875,1.241875
"LK","Sri Lanka",2011,,
"LK","Sri Lanka",2012,,
"LK","Sri Lanka",2013,,
"SD","Sudan",2000,,
"SD","Sudan",2001,,
"SD","Sudan",2002,,
"SD","Sudan",2003,,
"SD","Sudan",2004,,
"SD","Sudan",2005,,
"SD","Sudan",2006,,
"SD","Sudan",2007,,
"SD","Sudan",2008,,
"SD","Sudan",2009,1.18175,1.18175
"SD","Sudan",2010,,
"SD","Sudan",2011,,
"SD","Sudan",2012,,
"SD","Sudan",2013,,
"SR","Suriname",2000,,
"SR","Suriname",2001,,
"SR","Suriname",2002,,
"SR","Suriname",2003,,
"SR","Suriname",2004,,
"SR","Suriname",2005,,
"SR","Suriname",2006,,
"SR","Suriname",2007,,
"SR","Suriname",2008,,
"SR","Suriname",2009,,
"SR","Suriname",2010,,
"SR","Suriname",2011,,
"SR","Suriname",2012,,
"SR","Suriname",2013,,
"SZ","Swaziland",2000,,
"SZ","Swaziland",2001,1.06425,1.06425
"SZ","Swaziland",2002,1.06375,
"SZ","Swaziland",2003,1.06325,
"SZ","Swaziland",2004,1.06275,
"SZ","Swaziland",2005,1.06225,
"SZ","Swaziland",2006,1.06175,
"SZ","Swaziland",2007,1.06125,
"SZ","Swaziland",2008,1.06075,
"SZ","Swaziland",2009,1.06025,
"SZ","Swaziland",2010,1.05975,1.05975
"SZ","Swaziland",2011,,
"SZ","Swaziland",2012,,
"SZ","Swaziland",2013,,
"SY","Syria",2000,,
"SY","Syria",2001,,
"SY","Syria",2002,,
"SY","Syria",2003,,
"SY","Syria",2004,1.2475,1.2475
"SY","Syria",2005,,
"SY","Syria",2006,,
"SY","Syria",2007,,
"SY","Syria",2008,,
"SY","Syria",2009,,
"SY","Syria",2010,,
"SY","Syria",2011,,
"SY","Syria",2012,,
"SY","Syria",2013,,
"TJ","Tajikistan",2000,,
"TJ","Tajikistan",2001,,
"TJ","Tajikistan",2002,,
"TJ","Tajikistan",2003,1.125375,1.125375
"TJ","Tajikistan",2004,1.191375,1.191375
"TJ","Tajikistan",2005,1.19275,
"TJ","Tajikistan",2006,1.194125,
"TJ","Tajikistan",2007,1.1955,1.1955
"TJ","Tajikistan",2008,1.2148125,
"TJ","Tajikistan",2009,1.234125,1.234125
"TJ","Tajikistan",2010,,
"TJ","Tajikistan",2011,,
"TJ","Tajikistan",2012,,
"TJ","Tajikistan",2013,,
"TZ","Tanzania",2000,0.734625,0.734625
"TZ","Tanzania",2001,0.7580714286,
"TZ","Tanzania",2002,0.7815178571,
"TZ","Tanzania",2003,0.8049642857,
"TZ","Tanzania",2004,0.8284107143,
"TZ","Tanzania",2005,0.8518571429,
"TZ","Tanzania",2006,0.8753035714,
"TZ","Tanzania",2007,0.89875,0.89875
"TZ","Tanzania",2008,0.93655,
"TZ","Tanzania",2009,0.97435,
"TZ","Tanzania",2010,1.01215,
"TZ","Tanzania",2011,1.04995,
"TZ","Tanzania",2012,1.08775,1.08775
"TZ","Tanzania",2013,,
"TH","Thailand",2000,1.24375,1.24375
"TH","Thailand",2001,1.2450625,
"TH","Thailand",2002,1.246375,1.246375
"TH","Thailand",2003,1.24671875,
"TH","Thailand",2004,1.2470625,
"TH","Thailand",2005,1.24740625,
"TH","Thailand",2006,1.24775,1.24775
"TH","Thailand",2007,1.248625,
"TH","Thailand",2008,1.2495,1.2495
"TH","Thailand",2009,1.2495,
"TH","Thailand",2010,1.2495,1.2495
"TH","Thailand",2011,,
"TH","Thailand",2012,,
"TH","Thailand",2013,,
"TL","Timor-Leste",2000,,
"TL","Timor-Leste",2001,,
"TL","Timor-Leste",2002,,
"TL","Timor-Leste",2003,,
"TL","Timor-Leste",2004,,
"TL","Timor-Leste",2005,,
"TL","Timor-Leste",2006,,
"TL","Timor-Leste",2007,1.14825,1.14825
"TL","Timor-Leste",2008,,
"TL","Timor-Leste",2009,,
"TL","Timor-Leste",2010,,
"TL","Timor-Leste",2011,,
"TL","Timor-Leste",2012,,
"TL","Timor-Leste",2013,,
"TG","Togo",2000,,
"TG","Togo",2001,,
"TG","Togo",2002,,
"TG","Togo",2003,,
"TG","Togo",2004,,
"TG","Togo",2005,,
"TG","Togo",2006,0.995875,0.995875
"TG","Togo",2007,0.9904,
"TG","Togo",2008,0.984925,
"TG","Togo",2009,0.97945,
"TG","Togo",2010,0.973975,
"TG","Togo",2011,0.9685,0.9685
"TG","Togo",2012,,
"TG","Togo",2013,,
"TO","Tonga",2000,,
"TO","Tonga",2001,,
"TO","Tonga",2002,,
"TO","Tonga",2003,,
"TO","Tonga",2004,,
"TO","Tonga",2005,,
"TO","Tonga",2006,,
"TO","Tonga",2007,,
"TO","Tonga",2008,,
"TO","Tonga",2009,,
"TO","Tonga",2010,,
"TO","Tonga",2011,,
"TO","Tonga",2012,,
"TO","Tonga",2013,,
"TT","Trinidad and Tobago",2000,,
"TT","Trinidad and Tobago",2001,,
"TT","Trinidad and Tobago",2002,,
"TT","Trinidad and Tobago",2003,,
"TT","Trinidad and Tobago",2004,,
"TT","Trinidad and Tobago",2005,,
"TT","Trinidad and Tobago",2006,,
"TT","Trinidad and Tobago",2007,,
"TT","Trinidad and Tobago",2008,,
"TT","Trinidad and Tobago",2009,,
"TT","Trinidad and Tobago",2010,,
"TT","Trinidad and Tobago",2011,,
"TT","Trinidad and Tobago",2012,,
"TT","Trinidad and Tobago",2013,,
"TN","Tunisia",2000,1.24425,1.24425
"TN","Tunisia",2001,1.244575,
"TN","Tunisia",2002,1.2449,
"TN","Tunisia",2003,1.245225,
"TN","Tunisia",2004,1.24555,
"TN","Tunisia",2005,1.245875,1.245875
"TN","Tunisia",2006,1.2462,
"TN","Tunisia",2007,1.246525,
"TN","Tunisia",2008,1.24685,
"TN","Tunisia",2009,1.247175,
"TN","Tunisia",2010,1.2475,1.2475
"TN","Tunisia",2011,,
"TN","Tunisia",2012,,
"TN","Tunisia",2013,,
"TR","Turkey",2000,,
"TR","Turkey",2001,,
"TR","Turkey",2002,1.248625,1.248625
"TR","Turkey",2003,1.2435,1.2435
"TR","Turkey",2004,1.248,1.248
"TR","Turkey",2005,1.247625,1.247625
"TR","Turkey",2006,1.247625,1.247625
"TR","Turkey",2007,1.249,1.249
"TR","Turkey",2008,1.249375,
"TR","Turkey",2009,1.24975,1.24975
"TR","Turkey",2010,1.249375,1.249375
"TR","Turkey",2011,,
"TR","Turkey",2012,,
"TR","Turkey",2013,,
"TM","Turkmenistan",2000,,
"TM","Turkmenistan",2001,,
"TM","Turkmenistan",2002,,
"TM","Turkmenistan",2003,,
"TM","Turkmenistan",2004,,
"TM","Turkmenistan",2005,,
"TM","Turkmenistan",2006,,
"TM","Turkmenistan",2007,,
"TM","Turkmenistan",2008,,
"TM","Turkmenistan",2009,,
"TM","Turkmenistan",2010,,
"TM","Turkmenistan",2011,,
"TM","Turkmenistan",2012,,
"TM","Turkmenistan",2013,,
"TV","Tuvalu",2000,,
"TV","Tuvalu",2001,,
"TV","Tuvalu",2002,,
"TV","Tuvalu",2003,,
"TV","Tuvalu",2004,,
"TV","Tuvalu",2005,,
"TV","Tuvalu",2006,,
"TV","Tuvalu",2007,,
"TV","Tuvalu",2008,,
"TV","Tuvalu",2009,,
"TV","Tuvalu",2010,,
"TV","Tuvalu",2011,,
"TV","Tuvalu",2012,,
"TV","Tuvalu",2013,,
"UG","Uganda",2000,,
"UG","Uganda",2001,,
"UG","Uganda",2002,0.972875,0.972875
"UG","Uganda",2003,0.98209375,
"UG","Uganda",2004,0.9913125,
"UG","Uganda",2005,1.00053125,
"UG","Uganda",2006,1.00975,1.00975
"UG","Uganda",2007,1.039125,
"UG","Uganda",2008,1.0685,
"UG","Uganda",2009,1.097875,1.097875
"UG","Uganda",2010,1.09853125,
"UG","Uganda",2011,1.0991875,
"UG","Uganda",2012,1.09984375,
"UG","Uganda",2013,1.1005,1.1005
"UA","Ukraine",2000,,
"UA","Ukraine",2001,,
"UA","Ukraine",2002,1.249125,1.249125
"UA","Ukraine",2003,1.2495,1.2495
"UA","Ukraine",2004,1.249375,
"UA","Ukraine",2005,1.24925,
"UA","Ukraine",2006,1.249125,1.249125
"UA","Ukraine",2007,1.249625,1.249625
"UA","Ukraine",2008,1.2495625,
"UA","Ukraine",2009,1.2495,1.2495
"UA","Ukraine",2010,,
"UA","Ukraine",2011,,
"UA","Ukraine",2012,,
"UA","Ukraine",2013,,
"UY","Uruguay",2000,1.248125,1.248125
"UY","Uruguay",2001,1.248125,1.248125
"UY","Uruguay",2002,1.248,1.248
"UY","Uruguay",2003,1.246875,1.246875
"UY","Uruguay",2004,1.246625,1.246625
"UY","Uruguay",2005,1.24675,1.24675
"UY","Uruguay",2006,1.24775,1.24775
"UY","Uruguay",2007,1.248875,1.248875
"UY","Uruguay",2008,1.249375,1.249375
"UY","Uruguay",2009,1.249125,1.249125
"UY","Uruguay",2010,1.249125,1.249125
"UY","Uruguay",2011,1.249,1.249
"UY","Uruguay",2012,1.248875,1.248875
"UY","Uruguay",2013,,
"UZ","Uzbekistan",2000,,
"UZ","Uzbekistan",2001,,
"UZ","Uzbekistan",2002,,
"UZ","Uzbekistan",2003,,
"UZ","Uzbekistan",2004,,
"UZ","Uzbekistan",2005,,
"UZ","Uzbekistan",2006,,
"UZ","Uzbekistan",2007,,
"UZ","Uzbekistan",2008,,
"UZ","Uzbekistan",2009,,
"UZ","Uzbekistan",2010,,
"UZ","Uzbekistan",2011,,
"UZ","Uzbekistan",2012,,
"UZ","Uzbekistan",2013,,
"VU","Vanuatu",2000,,
"VU","Vanuatu",2001,,
"VU","Vanuatu",2002,,
"VU","Vanuatu",2003,,
"VU","Vanuatu",2004,,
"VU","Vanuatu",2005,,
"VU","Vanuatu",2006,,
"VU","Vanuatu",2007,,
"VU","Vanuatu",2008,,
"VU","Vanuatu",2009,,
"VU","Vanuatu",2010,,
"VU","Vanuatu",2011,,
"VU","Vanuatu",2012,,
"VU","Vanuatu",2013,,
"VE","Venezuela",2000,,
"VE","Venezuela",2001,1.194875,1.194875
"VE","Venezuela",2002,1.153625,1.153625
"VE","Venezuela",2003,1.133,1.133
"VE","Venezuela",2004,1.147375,1.147375
"VE","Venezuela",2005,1.1505,1.1505
"VE","Venezuela",2006,1.20325,1.20325
"VE","Venezuela",2007,,
"VE","Venezuela",2008,,
"VE","Venezuela",2009,,
"VE","Venezuela",2010,,
"VE","Venezuela",2011,,
"VE","Venezuela",2012,,
"VE","Venezuela",2013,,
"VN","Viet Nam",2000,,
"VN","Viet Nam",2001,,
"VN","Viet Nam",2002,1.109875,1.109875
"VN","Viet Nam",2003,1.1271875,
"VN","Viet Nam",2004,1.1445,1.1445
"VN","Viet Nam",2005,1.164125,
"VN","Viet Nam",2006,1.18375,1.18375
"VN","Viet Nam",2007,1.1935,
"VN","Viet Nam",2008,1.20325,1.20325
"VN","Viet Nam",2009,1.221375,
"VN","Viet Nam",2010,1.2395,1.2395
"VN","Viet Nam",2011,1.2413125,
"VN","Viet Nam",2012,1.243125,1.243125
"VN","Viet Nam",2013,,
"YE","Yemen",2000,,
"YE","Yemen",2001,,
"YE","Yemen",2002,,
"YE","Yemen",2003,,
"YE","Yemen",2004,,
"YE","Yemen",2005,1.226625,1.226625
"YE","Yemen",2006,,
"YE","Yemen",2007,,
"YE","Yemen",2008,,
"YE","Yemen",2009,,
"YE","Yemen",2010,,
"YE","Yemen",2011,,
"YE","Yemen",2012,,
"YE","Yemen",2013,,
"ZM","Zambia",2000,,
"ZM","Zambia",2001,,
"ZM","Zambia",2002,,
"ZM","Zambia",2003,0.910875,0.910875
"ZM","Zambia",2004,0.8405,0.8405
"ZM","Zambia",2005,0.813875,
"ZM","Zambia",2006,0.78725,0.78725
"ZM","Zambia",2007,0.772375,
"ZM","Zambia",2008,0.7575,
"ZM","Zambia",2009,0.742625,
"ZM","Zambia",2010,0.72775,0.72775
"ZM","Zambia",2011,,
"ZM","Zambia",2012,,
"ZM","Zambia",2013,,
"ZW","Zimbabwe",2000,,
"ZW","Zimbabwe",2001,,
"ZW","Zimbabwe",2002,,
"ZW","Zimbabwe",2003,,
"ZW","Zimbabwe",2004,,
"ZW","Zimbabwe",2005,,
"ZW","Zimbabwe",2006,,
"ZW","Zimbabwe",2007,,
"ZW","Zimbabwe",2008,,
"ZW","Zimbabwe",2009,,
"ZW","Zimbabwe",2010,,
"ZW","Zimbabwe",2011,,
"ZW","Zimbabwe",2012,,
"ZW","Zimbabwe",2013,,
