"id","year","value","i-value"
"AD","2000","",""
"AD","2001","",""
"AD","2002","",""
"AD","2003","",""
"AD","2004","",""
"AD","2005","",""
"AD","2006","",""
"AD","2007","",""
"AD","2008","",""
"AD","2009","",""
"AD","2010","",""
"AD","2011","",""
"AD","2012","",""
"AD","2013","",""
"AE","2000","",""
"AE","2001","",""
"AE","2002","",""
"AE","2003","",""
"AE","2004","",""
"AE","2005","",""
"AE","2006","",""
"AE","2007","",""
"AE","2008","",""
"AE","2009","",""
"AE","2010","",""
"AE","2011","",""
"AE","2012","",""
"AE","2013","",""
"AF","2000","",""
"AF","2001","",""
"AF","2002","",""
"AF","2003","",""
"AF","2004","",""
"AF","2005","",""
"AF","2006","",""
"AF","2007","",""
"AF","2008","",""
"AF","2009","",""
"AF","2010","",""
"AF","2011","",""
"AF","2012","",""
"AF","2013","",""
"AG","2000","",""
"AG","2001","",""
"AG","2002","",""
"AG","2003","",""
"AG","2004","",""
"AG","2005","",""
"AG","2006","",""
"AG","2007","",""
"AG","2008","",""
"AG","2009","",""
"AG","2010","",""
"AG","2011","",""
"AG","2012","",""
"AG","2013","",""
"AL","2000","",""
"AL","2001","",""
"AL","2002","0.73","0.73"
"AL","2003","","0.63"
"AL","2004","0.53","0.53"
"AL","2005","0.44","0.44"
"AL","2006","","0.36"
"AL","2007","","0.28"
"AL","2008","0.2","0.2"
"AL","2009","","0.265"
"AL","2010","","0.33"
"AL","2011","","0.395"
"AL","2012","0.46","0.46"
"AL","2013","",""
"AM","2000","",""
"AM","2001","18.83","18.83"
"AM","2002","14.5","14.5"
"AM","2003","10.68","10.68"
"AM","2004","7.6","7.6"
"AM","2005","4.22","4.22"
"AM","2006","3.17","3.17"
"AM","2007","3.37","3.37"
"AM","2008","1.41","1.41"
"AM","2009","1.56","1.56"
"AM","2010","2.5","2.5"
"AM","2011","2.45","2.45"
"AM","2012","1.75","1.75"
"AM","2013","",""
"AO","2000","54.31","54.31"
"AO","2001","","53.0944444444444"
"AO","2002","","51.8788888888889"
"AO","2003","","50.6633333333333"
"AO","2004","","49.4477777777778"
"AO","2005","","48.2322222222222"
"AO","2006","","47.0166666666667"
"AO","2007","","45.8011111111111"
"AO","2008","","44.5855555555556"
"AO","2009","43.37","43.37"
"AO","2010","",""
"AO","2011","",""
"AO","2012","",""
"AO","2013","",""
"AR","2000","5.06","5.06"
"AR","2001","8.25","8.25"
"AR","2002","12.58","12.58"
"AR","2003","9","9"
"AR","2004","6.29","6.29"
"AR","2005","4.62","4.62"
"AR","2006","3.76","3.76"
"AR","2007","3.01","3.01"
"AR","2008","2.74","2.74"
"AR","2009","2.68","2.68"
"AR","2010","1.73","1.73"
"AR","2011","1.41","1.41"
"AR","2012","",""
"AR","2013","",""
"AS","2000","",""
"AS","2001","",""
"AS","2002","",""
"AS","2003","",""
"AS","2004","",""
"AS","2005","",""
"AS","2006","",""
"AS","2007","",""
"AS","2008","",""
"AS","2009","",""
"AS","2010","",""
"AS","2011","",""
"AS","2012","",""
"AS","2013","",""
"AT","2000","0.4","0.4"
"AT","2001","","0.385"
"AT","2002","","0.37"
"AT","2003","","0.355"
"AT","2004","0.34","0.34"
"AT","2005","",""
"AT","2006","",""
"AT","2007","",""
"AT","2008","",""
"AT","2009","",""
"AT","2010","",""
"AT","2011","",""
"AT","2012","",""
"AT","2013","",""
"AU","2000","",""
"AU","2001","1.35","1.35"
"AU","2002","","1.355"
"AU","2003","1.36","1.36"
"AU","2004","",""
"AU","2005","",""
"AU","2006","",""
"AU","2007","",""
"AU","2008","",""
"AU","2009","",""
"AU","2010","",""
"AU","2011","",""
"AU","2012","",""
"AU","2013","",""
"AW","2000","",""
"AW","2001","",""
"AW","2002","",""
"AW","2003","",""
"AW","2004","",""
"AW","2005","",""
"AW","2006","",""
"AW","2007","",""
"AW","2008","",""
"AW","2009","",""
"AW","2010","",""
"AW","2011","",""
"AW","2012","",""
"AW","2013","",""
"AZ","2000","",""
"AZ","2001","6.27","6.27"
"AZ","2002","0.02","0.02"
"AZ","2003","0.04","0.04"
"AZ","2004","","0.094"
"AZ","2005","","0.148"
"AZ","2006","","0.202"
"AZ","2007","","0.256"
"AZ","2008","0.31","0.31"
"AZ","2009","",""
"AZ","2010","",""
"AZ","2011","",""
"AZ","2012","",""
"AZ","2013","",""
"BA","2000","",""
"BA","2001","0.28","0.28"
"BA","2002","","0.22"
"BA","2003","","0.16"
"BA","2004","0.1","0.1"
"BA","2005","","0.08"
"BA","2006","","0.06"
"BA","2007","0.04","0.04"
"BA","2008","",""
"BA","2009","",""
"BA","2010","",""
"BA","2011","",""
"BA","2012","",""
"BA","2013","",""
"BB","2000","",""
"BB","2001","",""
"BB","2002","",""
"BB","2003","",""
"BB","2004","",""
"BB","2005","",""
"BB","2006","",""
"BB","2007","",""
"BB","2008","",""
"BB","2009","",""
"BB","2010","",""
"BB","2011","",""
"BB","2012","",""
"BB","2013","",""
"BD","2000","58.59","58.59"
"BD","2001","","56.966"
"BD","2002","","55.342"
"BD","2003","","53.718"
"BD","2004","","52.094"
"BD","2005","50.47","50.47"
"BD","2006","","49.026"
"BD","2007","","47.582"
"BD","2008","","46.138"
"BD","2009","","44.694"
"BD","2010","43.25","43.25"
"BD","2011","",""
"BD","2012","",""
"BD","2013","",""
"BE","2000","0.5","0.5"
"BE","2001","",""
"BE","2002","",""
"BE","2003","",""
"BE","2004","",""
"BE","2005","",""
"BE","2006","",""
"BE","2007","",""
"BE","2008","",""
"BE","2009","",""
"BE","2010","",""
"BE","2011","",""
"BE","2012","",""
"BE","2013","",""
"BF","2000","",""
"BF","2001","",""
"BF","2002","",""
"BF","2003","48.9","48.9"
"BF","2004","","48.16"
"BF","2005","","47.42"
"BF","2006","","46.68"
"BF","2007","","45.94"
"BF","2008","","45.2"
"BF","2009","44.46","44.46"
"BF","2010","",""
"BF","2011","",""
"BF","2012","",""
"BF","2013","",""
"BG","2000","",""
"BG","2001","2.12","2.12"
"BG","2002","","1.37"
"BG","2003","0.62","0.62"
"BG","2004","","0.53"
"BG","2005","","0.44"
"BG","2006","","0.35"
"BG","2007","0.26","0.26"
"BG","2008","0.73","0.73"
"BG","2009","","1.185"
"BG","2010","1.64","1.64"
"BG","2011","1.9","1.9"
"BG","2012","",""
"BG","2013","",""
"BH","2000","",""
"BH","2001","",""
"BH","2002","",""
"BH","2003","",""
"BH","2004","",""
"BH","2005","",""
"BH","2006","",""
"BH","2007","",""
"BH","2008","",""
"BH","2009","",""
"BH","2010","",""
"BH","2011","",""
"BH","2012","",""
"BH","2013","",""
"BI","2000","",""
"BI","2001","",""
"BI","2002","",""
"BI","2003","",""
"BI","2004","",""
"BI","2005","",""
"BI","2006","81.32","81.32"
"BI","2007","",""
"BI","2008","",""
"BI","2009","",""
"BI","2010","",""
"BI","2011","",""
"BI","2012","",""
"BI","2013","",""
"BJ","2000","",""
"BJ","2001","",""
"BJ","2002","",""
"BJ","2003","47.33","47.33"
"BJ","2004","","47.8055555555556"
"BJ","2005","","48.2811111111111"
"BJ","2006","","48.7566666666667"
"BJ","2007","","49.2322222222222"
"BJ","2008","","49.7077777777778"
"BJ","2009","","50.1833333333333"
"BJ","2010","","50.6588888888889"
"BJ","2011","","51.1344444444444"
"BJ","2012","51.61","51.61"
"BJ","2013","",""
"BM","2000","",""
"BM","2001","",""
"BM","2002","",""
"BM","2003","",""
"BM","2004","",""
"BM","2005","",""
"BM","2006","",""
"BM","2007","",""
"BM","2008","",""
"BM","2009","",""
"BM","2010","",""
"BM","2011","",""
"BM","2012","",""
"BM","2013","",""
"BN","2000","",""
"BN","2001","",""
"BN","2002","",""
"BN","2003","",""
"BN","2004","",""
"BN","2005","",""
"BN","2006","",""
"BN","2007","",""
"BN","2008","",""
"BN","2009","",""
"BN","2010","",""
"BN","2011","",""
"BN","2012","",""
"BN","2013","",""
"BO","2000","26.87","26.87"
"BO","2001","21.33","21.33"
"BO","2002","21.98","21.98"
"BO","2003","","16.835"
"BO","2004","11.69","11.69"
"BO","2005","18.31","18.31"
"BO","2006","15.86","15.86"
"BO","2007","12.19","12.19"
"BO","2008","10.48","10.48"
"BO","2009","10.67","10.67"
"BO","2010","","8.82"
"BO","2011","6.97","6.97"
"BO","2012","7.98","7.98"
"BO","2013","",""
"BR","2000","",""
"BR","2001","10.2","10.2"
"BR","2002","8.87","8.87"
"BR","2003","9.62","9.62"
"BR","2004","8.14","8.14"
"BR","2005","7.18","7.18"
"BR","2006","5.93","5.93"
"BR","2007","5.84","5.84"
"BR","2008","4.87","4.87"
"BR","2009","4.72","4.72"
"BR","2010","","4.625"
"BR","2011","4.53","4.53"
"BR","2012","3.75","3.75"
"BR","2013","",""
"BS","2000","",""
"BS","2001","",""
"BS","2002","",""
"BS","2003","",""
"BS","2004","",""
"BS","2005","",""
"BS","2006","",""
"BS","2007","",""
"BS","2008","",""
"BS","2009","",""
"BS","2010","",""
"BS","2011","",""
"BS","2012","",""
"BS","2013","",""
"BT","2000","",""
"BT","2001","",""
"BT","2002","",""
"BT","2003","23.96","23.96"
"BT","2004","","20.525"
"BT","2005","","17.09"
"BT","2006","","13.655"
"BT","2007","10.22","10.22"
"BT","2008","","8.652"
"BT","2009","","7.084"
"BT","2010","","5.516"
"BT","2011","","3.948"
"BT","2012","2.38","2.38"
"BT","2013","",""
"BW","2000","",""
"BW","2001","",""
"BW","2002","",""
"BW","2003","24.36","24.36"
"BW","2004","","22.535"
"BW","2005","","20.71"
"BW","2006","","18.885"
"BW","2007","","17.06"
"BW","2008","","15.235"
"BW","2009","13.41","13.41"
"BW","2010","",""
"BW","2011","",""
"BW","2012","",""
"BW","2013","",""
"BY","2000","0.26","0.26"
"BY","2001","0.12","0.12"
"BY","2002","0.47","0.47"
"BY","2003","0.5","0.5"
"BY","2004","0.06","0.06"
"BY","2005","0.06","0.06"
"BY","2006","0.05","0.05"
"BY","2007","","0.0366666666666667"
"BY","2008","","0.0233333333333333"
"BY","2009","0.01","0.01"
"BY","2010","",""
"BY","2011","",""
"BY","2012","",""
"BY","2013","",""
"BZ","2000","",""
"BZ","2001","",""
"BZ","2002","",""
"BZ","2003","",""
"BZ","2004","",""
"BZ","2005","",""
"BZ","2006","",""
"BZ","2007","",""
"BZ","2008","",""
"BZ","2009","",""
"BZ","2010","",""
"BZ","2011","",""
"BZ","2012","",""
"BZ","2013","",""
"CA","2000","0.34","0.34"
"CA","2001","","0.34"
"CA","2002","","0.34"
"CA","2003","","0.34"
"CA","2004","0.34","0.34"
"CA","2005","","0.34"
"CA","2006","","0.34"
"CA","2007","0.34","0.34"
"CA","2008","","0.34"
"CA","2009","","0.34"
"CA","2010","0.34","0.34"
"CA","2011","",""
"CA","2012","",""
"CA","2013","",""
"CD","2000","",""
"CD","2001","",""
"CD","2002","",""
"CD","2003","",""
"CD","2004","",""
"CD","2005","",""
"CD","2006","87.72","87.72"
"CD","2007","",""
"CD","2008","",""
"CD","2009","",""
"CD","2010","",""
"CD","2011","",""
"CD","2012","",""
"CD","2013","",""
"CF","2000","",""
"CF","2001","",""
"CF","2002","",""
"CF","2003","62.43","62.43"
"CF","2004","","62.51"
"CF","2005","","62.59"
"CF","2006","","62.67"
"CF","2007","","62.75"
"CF","2008","62.83","62.83"
"CF","2009","",""
"CF","2010","",""
"CF","2011","",""
"CF","2012","",""
"CF","2013","",""
"CG","2000","",""
"CG","2001","",""
"CG","2002","",""
"CG","2003","",""
"CG","2004","",""
"CG","2005","54.1","54.1"
"CG","2006","","50.5533333333333"
"CG","2007","","47.0066666666667"
"CG","2008","","43.46"
"CG","2009","","39.9133333333333"
"CG","2010","","36.3666666666667"
"CG","2011","32.82","32.82"
"CG","2012","",""
"CG","2013","",""
"CH","2000","0.34","0.34"
"CH","2001","","0.34"
"CH","2002","0.34","0.34"
"CH","2003","","0.505"
"CH","2004","0.67","0.67"
"CH","2005","",""
"CH","2006","",""
"CH","2007","",""
"CH","2008","",""
"CH","2009","",""
"CH","2010","",""
"CH","2011","",""
"CH","2012","",""
"CH","2013","",""
"CI","2000","",""
"CI","2001","",""
"CI","2002","29.66","29.66"
"CI","2003","","30.5566666666667"
"CI","2004","","31.4533333333333"
"CI","2005","","32.35"
"CI","2006","","33.2466666666667"
"CI","2007","","34.1433333333333"
"CI","2008","35.04","35.04"
"CI","2009","",""
"CI","2010","",""
"CI","2011","",""
"CI","2012","",""
"CI","2013","",""
"CL","2000","2.16","2.16"
"CL","2001","","2.01666666666667"
"CL","2002","","1.87333333333333"
"CL","2003","1.73","1.73"
"CL","2004","","1.51"
"CL","2005","","1.29"
"CL","2006","1.07","1.07"
"CL","2007","","1.14"
"CL","2008","","1.21"
"CL","2009","1.28","1.28"
"CL","2010","","1.055"
"CL","2011","0.83","0.83"
"CL","2012","",""
"CL","2013","",""
"CM","2000","",""
"CM","2001","24.86","24.86"
"CM","2002","","25.3183333333333"
"CM","2003","","25.7766666666667"
"CM","2004","","26.235"
"CM","2005","","26.6933333333333"
"CM","2006","","27.1516666666667"
"CM","2007","27.61","27.61"
"CM","2008","",""
"CM","2009","",""
"CM","2010","",""
"CM","2011","",""
"CM","2012","",""
"CM","2013","",""
"CN","2000","",""
"CN","2001","",""
"CN","2002","28.06","28.06"
"CN","2003","","23.9633333333333"
"CN","2004","","19.8666666666667"
"CN","2005","15.77","15.77"
"CN","2006","","14.6266666666667"
"CN","2007","","13.4833333333333"
"CN","2008","12.34","12.34"
"CN","2009","","10.765"
"CN","2010","9.19","9.19"
"CN","2011","6.26","6.26"
"CN","2012","",""
"CN","2013","",""
"CO","2000","17.85","17.85"
"CO","2001","17.86","17.86"
"CO","2002","11.14","11.14"
"CO","2003","10.34","10.34"
"CO","2004","9.01","9.01"
"CO","2005","7.87","7.87"
"CO","2006","11.04","11.04"
"CO","2007","8.84","8.84"
"CO","2008","8.5","8.5"
"CO","2009","7.26","7.26"
"CO","2010","6.17","6.17"
"CO","2011","4.95","4.95"
"CO","2012","5.63","5.63"
"CO","2013","",""
"CR","2000","5.56","5.56"
"CR","2001","5.51","5.51"
"CR","2002","5.5","5.5"
"CR","2003","5.4","5.4"
"CR","2004","4.85","4.85"
"CR","2005","3.57","3.57"
"CR","2006","3.72","3.72"
"CR","2007","2.06","2.06"
"CR","2008","2.28","2.28"
"CR","2009","2.86","2.86"
"CR","2010","1.27","1.27"
"CR","2011","1.36","1.36"
"CR","2012","1.35","1.35"
"CR","2013","",""
"CU","2000","",""
"CU","2001","",""
"CU","2002","",""
"CU","2003","",""
"CU","2004","",""
"CU","2005","",""
"CU","2006","",""
"CU","2007","",""
"CU","2008","",""
"CU","2009","",""
"CU","2010","",""
"CU","2011","",""
"CU","2012","",""
"CU","2013","",""
"CV","2000","",""
"CV","2001","",""
"CV","2002","21.02","21.02"
"CV","2003","","19.8033333333333"
"CV","2004","","18.5866666666667"
"CV","2005","","17.37"
"CV","2006","","16.1533333333333"
"CV","2007","","14.9366666666667"
"CV","2008","13.72","13.72"
"CV","2009","",""
"CV","2010","",""
"CV","2011","",""
"CV","2012","",""
"CV","2013","",""
"CW","2000","",""
"CW","2001","",""
"CW","2002","",""
"CW","2003","",""
"CW","2004","",""
"CW","2005","",""
"CW","2006","",""
"CW","2007","",""
"CW","2008","",""
"CW","2009","",""
"CW","2010","",""
"CW","2011","",""
"CW","2012","",""
"CW","2013","",""
"CY","2000","",""
"CY","2001","",""
"CY","2002","",""
"CY","2003","",""
"CY","2004","",""
"CY","2005","",""
"CY","2006","",""
"CY","2007","",""
"CY","2008","",""
"CY","2009","",""
"CY","2010","",""
"CY","2011","",""
"CY","2012","",""
"CY","2013","",""
"CZ","2000","",""
"CZ","2001","",""
"CZ","2002","",""
"CZ","2003","",""
"CZ","2004","",""
"CZ","2005","",""
"CZ","2006","0.07","0.07"
"CZ","2007","","0.055"
"CZ","2008","0.04","0.04"
"CZ","2009","0.03","0.03"
"CZ","2010","0.04","0.04"
"CZ","2011","0.03","0.03"
"CZ","2012","",""
"CZ","2013","",""
"DE","2000","",""
"DE","2001","",""
"DE","2002","",""
"DE","2003","",""
"DE","2004","",""
"DE","2005","",""
"DE","2006","",""
"DE","2007","",""
"DE","2008","",""
"DE","2009","",""
"DE","2010","0.34","0.34"
"DE","2011","",""
"DE","2012","",""
"DE","2013","",""
"DJ","2000","",""
"DJ","2001","",""
"DJ","2002","18.83","18.83"
"DJ","2003","",""
"DJ","2004","",""
"DJ","2005","",""
"DJ","2006","",""
"DJ","2007","",""
"DJ","2008","",""
"DJ","2009","",""
"DJ","2010","",""
"DJ","2011","",""
"DJ","2012","",""
"DJ","2013","",""
"DK","2000","0.34","0.34"
"DK","2001","","0.3375"
"DK","2002","","0.335"
"DK","2003","","0.3325"
"DK","2004","0.33","0.33"
"DK","2005","","0.35"
"DK","2006","","0.37"
"DK","2007","0.39","0.39"
"DK","2008","","0.483333333333333"
"DK","2009","","0.576666666666667"
"DK","2010","0.67","0.67"
"DK","2011","",""
"DK","2012","",""
"DK","2013","",""
"DM","2000","",""
"DM","2001","",""
"DM","2002","",""
"DM","2003","",""
"DM","2004","",""
"DM","2005","",""
"DM","2006","",""
"DM","2007","",""
"DM","2008","",""
"DM","2009","",""
"DM","2010","",""
"DM","2011","",""
"DM","2012","",""
"DM","2013","",""
"DO","2000","5.24","5.24"
"DO","2001","3.68","3.68"
"DO","2002","5.27","5.27"
"DO","2003","6.43","6.43"
"DO","2004","7.83","7.83"
"DO","2005","5.38","5.38"
"DO","2006","4.23","4.23"
"DO","2007","3.72","3.72"
"DO","2008","3.35","3.35"
"DO","2009","2.99","2.99"
"DO","2010","2.24","2.24"
"DO","2011","2.54","2.54"
"DO","2012","2.25","2.25"
"DO","2013","",""
"DZ","2000","",""
"DZ","2001","",""
"DZ","2002","",""
"DZ","2003","",""
"DZ","2004","",""
"DZ","2005","",""
"DZ","2006","",""
"DZ","2007","",""
"DZ","2008","",""
"DZ","2009","",""
"DZ","2010","",""
"DZ","2011","",""
"DZ","2012","",""
"DZ","2013","",""
"EC","2000","20.32","20.32"
"EC","2001","","17.5466666666667"
"EC","2002","","14.7733333333333"
"EC","2003","12","12"
"EC","2004","10.45","10.45"
"EC","2005","9.16","9.16"
"EC","2006","6.12","6.12"
"EC","2007","6.94","6.94"
"EC","2008","6.26","6.26"
"EC","2009","6.03","6.03"
"EC","2010","4.58","4.58"
"EC","2011","4.04","4.04"
"EC","2012","3.95","3.95"
"EC","2013","",""
"EE","2000","0.6","0.6"
"EE","2001","0.57","0.57"
"EE","2002","0.57","0.57"
"EE","2003","0.37","0.37"
"EE","2004","","0.545"
"EE","2005","0.72","0.72"
"EE","2006","0.73","0.73"
"EE","2007","0.47","0.47"
"EE","2008","0.45","0.45"
"EE","2009","0.59","0.59"
"EE","2010","0.81","0.81"
"EE","2011","0.98","0.98"
"EE","2012","",""
"EE","2013","",""
"EG","2000","1.81","1.81"
"EG","2001","","1.9"
"EG","2002","","1.99"
"EG","2003","","2.08"
"EG","2004","","2.17"
"EG","2005","2.26","2.26"
"EG","2006","","2.06666666666667"
"EG","2007","","1.87333333333333"
"EG","2008","1.68","1.68"
"EG","2009","",""
"EG","2010","",""
"EG","2011","",""
"EG","2012","",""
"EG","2013","",""
"ER","2000","",""
"ER","2001","",""
"ER","2002","",""
"ER","2003","",""
"ER","2004","",""
"ER","2005","",""
"ER","2006","",""
"ER","2007","",""
"ER","2008","",""
"ER","2009","",""
"ER","2010","",""
"ER","2011","",""
"ER","2012","",""
"ER","2013","",""
"ES","2000","0.33","0.33"
"ES","2001","","0.5825"
"ES","2002","","0.835"
"ES","2003","","1.0875"
"ES","2004","1.34","1.34"
"ES","2005","","1.22666666666667"
"ES","2006","","1.11333333333333"
"ES","2007","1","1"
"ES","2008","","1.44666666666667"
"ES","2009","","1.89333333333333"
"ES","2010","2.34","2.34"
"ES","2011","",""
"ES","2012","",""
"ES","2013","",""
"ET","2000","54.57","54.57"
"ET","2001","","51.448"
"ET","2002","","48.326"
"ET","2003","","45.204"
"ET","2004","","42.082"
"ET","2005","38.96","38.96"
"ET","2006","","38.5983333333333"
"ET","2007","","38.2366666666667"
"ET","2008","","37.875"
"ET","2009","","37.5133333333333"
"ET","2010","","37.1516666666667"
"ET","2011","36.79","36.79"
"ET","2012","",""
"ET","2013","",""
"FI","2000","",""
"FI","2001","",""
"FI","2002","",""
"FI","2003","",""
"FI","2004","",""
"FI","2005","",""
"FI","2006","",""
"FI","2007","",""
"FI","2008","",""
"FI","2009","",""
"FI","2010","",""
"FI","2011","",""
"FI","2012","",""
"FI","2013","",""
"FJ","2000","",""
"FJ","2001","",""
"FJ","2002","",""
"FJ","2003","29.16","29.16"
"FJ","2004","","25.28"
"FJ","2005","","21.4"
"FJ","2006","","17.52"
"FJ","2007","","13.64"
"FJ","2008","","9.76"
"FJ","2009","5.88","5.88"
"FJ","2010","",""
"FJ","2011","",""
"FJ","2012","",""
"FJ","2013","",""
"FM","2000","31.15","31.15"
"FM","2001","",""
"FM","2002","",""
"FM","2003","",""
"FM","2004","",""
"FM","2005","",""
"FM","2006","",""
"FM","2007","",""
"FM","2008","",""
"FM","2009","",""
"FM","2010","",""
"FM","2011","",""
"FM","2012","",""
"FM","2013","",""
"FO","2000","",""
"FO","2001","",""
"FO","2002","",""
"FO","2003","",""
"FO","2004","",""
"FO","2005","",""
"FO","2006","",""
"FO","2007","",""
"FO","2008","",""
"FO","2009","",""
"FO","2010","",""
"FO","2011","",""
"FO","2012","",""
"FO","2013","",""
"FR","2000","0.35","0.35"
"FR","2001","","0.346"
"FR","2002","","0.342"
"FR","2003","","0.338"
"FR","2004","","0.334"
"FR","2005","0.33","0.33"
"FR","2006","",""
"FR","2007","",""
"FR","2008","",""
"FR","2009","",""
"FR","2010","",""
"FR","2011","",""
"FR","2012","",""
"FR","2013","",""
"GA","2000","",""
"GA","2001","",""
"GA","2002","",""
"GA","2003","",""
"GA","2004","",""
"GA","2005","6.09","6.09"
"GA","2006","",""
"GA","2007","",""
"GA","2008","",""
"GA","2009","",""
"GA","2010","",""
"GA","2011","",""
"GA","2012","",""
"GA","2013","",""
"GB","2000","",""
"GB","2001","",""
"GB","2002","",""
"GB","2003","",""
"GB","2004","0.67","0.67"
"GB","2005","","0.783333333333333"
"GB","2006","","0.896666666666667"
"GB","2007","1.01","1.01"
"GB","2008","","1.01"
"GB","2009","","1.01"
"GB","2010","1.01","1.01"
"GB","2011","",""
"GB","2012","",""
"GB","2013","",""
"GD","2000","",""
"GD","2001","",""
"GD","2002","",""
"GD","2003","",""
"GD","2004","",""
"GD","2005","",""
"GD","2006","",""
"GD","2007","",""
"GD","2008","",""
"GD","2009","",""
"GD","2010","",""
"GD","2011","",""
"GD","2012","",""
"GD","2013","",""
"GE","2000","17.75","17.75"
"GE","2001","17.42","17.42"
"GE","2002","14.19","14.19"
"GE","2003","15.62","15.62"
"GE","2004","15.11","15.11"
"GE","2005","14.86","14.86"
"GE","2006","13.87","13.87"
"GE","2007","14.75","14.75"
"GE","2008","14.05","14.05"
"GE","2009","13.99","13.99"
"GE","2010","18.04","18.04"
"GE","2011","16.05","16.05"
"GE","2012","14.14","14.14"
"GE","2013","",""
"GH","2000","",""
"GH","2001","",""
"GH","2002","",""
"GH","2003","",""
"GH","2004","",""
"GH","2005","",""
"GH","2006","28.59","28.59"
"GH","2007","",""
"GH","2008","",""
"GH","2009","",""
"GH","2010","",""
"GH","2011","",""
"GH","2012","",""
"GH","2013","",""
"GL","2000","",""
"GL","2001","",""
"GL","2002","",""
"GL","2003","",""
"GL","2004","",""
"GL","2005","",""
"GL","2006","",""
"GL","2007","",""
"GL","2008","",""
"GL","2009","",""
"GL","2010","",""
"GL","2011","",""
"GL","2012","",""
"GL","2013","",""
"GM","2000","",""
"GM","2001","",""
"GM","2002","",""
"GM","2003","33.63","33.63"
"GM","2004","",""
"GM","2005","",""
"GM","2006","",""
"GM","2007","",""
"GM","2008","",""
"GM","2009","",""
"GM","2010","",""
"GM","2011","",""
"GM","2012","",""
"GM","2013","",""
"GN","2000","",""
"GN","2001","",""
"GN","2002","",""
"GN","2003","56.32","56.32"
"GN","2004","","52.0725"
"GN","2005","","47.825"
"GN","2006","","43.5775"
"GN","2007","39.33","39.33"
"GN","2008","","39.638"
"GN","2009","","39.946"
"GN","2010","","40.254"
"GN","2011","","40.562"
"GN","2012","40.87","40.87"
"GN","2013","",""
"GQ","2000","",""
"GQ","2001","",""
"GQ","2002","",""
"GQ","2003","",""
"GQ","2004","",""
"GQ","2005","",""
"GQ","2006","",""
"GQ","2007","",""
"GQ","2008","",""
"GQ","2009","",""
"GQ","2010","",""
"GQ","2011","",""
"GQ","2012","",""
"GQ","2013","",""
"GR","2000","0.68","0.68"
"GR","2001","","0.7625"
"GR","2002","","0.845"
"GR","2003","","0.9275"
"GR","2004","1.01","1.01"
"GR","2005","","1.01666666666667"
"GR","2006","","1.02333333333333"
"GR","2007","1.03","1.03"
"GR","2008","","1.14333333333333"
"GR","2009","","1.25666666666667"
"GR","2010","1.37","1.37"
"GR","2011","",""
"GR","2012","",""
"GR","2013","",""
"GT","2000","11.79","11.79"
"GT","2001","","15.85"
"GT","2002","19.91","19.91"
"GT","2003","17.97","17.97"
"GT","2004","16.47","16.47"
"GT","2005","","14.96"
"GT","2006","13.45","13.45"
"GT","2007","","13.5"
"GT","2008","","13.55"
"GT","2009","","13.6"
"GT","2010","","13.65"
"GT","2011","13.7","13.7"
"GT","2012","",""
"GT","2013","",""
"GU","2000","",""
"GU","2001","",""
"GU","2002","",""
"GU","2003","",""
"GU","2004","",""
"GU","2005","",""
"GU","2006","",""
"GU","2007","",""
"GU","2008","",""
"GU","2009","",""
"GU","2010","",""
"GU","2011","",""
"GU","2012","",""
"GU","2013","",""
"GW","2000","",""
"GW","2001","",""
"GW","2002","48.9","48.9"
"GW","2003","",""
"GW","2004","",""
"GW","2005","",""
"GW","2006","",""
"GW","2007","",""
"GW","2008","",""
"GW","2009","",""
"GW","2010","",""
"GW","2011","",""
"GW","2012","",""
"GW","2013","",""
"GY","2000","",""
"GY","2001","",""
"GY","2002","",""
"GY","2003","",""
"GY","2004","",""
"GY","2005","",""
"GY","2006","",""
"GY","2007","",""
"GY","2008","",""
"GY","2009","",""
"GY","2010","",""
"GY","2011","",""
"GY","2012","",""
"GY","2013","",""
"HK","2000","",""
"HK","2001","",""
"HK","2002","",""
"HK","2003","",""
"HK","2004","",""
"HK","2005","",""
"HK","2006","",""
"HK","2007","",""
"HK","2008","",""
"HK","2009","",""
"HK","2010","",""
"HK","2011","",""
"HK","2012","",""
"HK","2013","",""
"HN","2000","",""
"HN","2001","16.96","16.96"
"HN","2002","27.48","27.48"
"HN","2003","25.59","25.59"
"HN","2004","24.59","24.59"
"HN","2005","25.85","25.85"
"HN","2006","22.4","22.4"
"HN","2007","15.8","15.8"
"HN","2008","14.61","14.61"
"HN","2009","12.4","12.4"
"HN","2010","13.41","13.41"
"HN","2011","16.48","16.48"
"HN","2012","",""
"HN","2013","",""
"HR","2000","0.07","0.07"
"HR","2001","0.06","0.06"
"HR","2002","",""
"HR","2003","",""
"HR","2004","",""
"HR","2005","",""
"HR","2006","",""
"HR","2007","",""
"HR","2008","",""
"HR","2009","",""
"HR","2010","",""
"HR","2011","",""
"HR","2012","",""
"HR","2013","",""
"HT","2000","",""
"HT","2001","61.71","61.71"
"HT","2002","",""
"HT","2003","",""
"HT","2004","",""
"HT","2005","",""
"HT","2006","",""
"HT","2007","",""
"HT","2008","",""
"HT","2009","",""
"HT","2010","",""
"HT","2011","",""
"HT","2012","",""
"HT","2013","",""
"HU","2000","",""
"HU","2001","",""
"HU","2002","",""
"HU","2003","",""
"HU","2004","",""
"HU","2005","",""
"HU","2006","0.13","0.13"
"HU","2007","","0.08"
"HU","2008","0.03","0.03"
"HU","2009","","0.04"
"HU","2010","0.05","0.05"
"HU","2011","0.05","0.05"
"HU","2012","",""
"HU","2013","",""
"ID","2000","",""
"ID","2001","",""
"ID","2002","29.39","29.39"
"ID","2003","","26.78"
"ID","2004","","24.17"
"ID","2005","21.56","21.56"
"ID","2006","","21.9433333333333"
"ID","2007","","22.3266666666667"
"ID","2008","22.71","22.71"
"ID","2009","","20.375"
"ID","2010","18.04","18.04"
"ID","2011","16.2","16.2"
"ID","2012","",""
"ID","2013","",""
"IE","2000","0.37","0.37"
"IE","2001","","0.369"
"IE","2002","","0.368"
"IE","2003","","0.367"
"IE","2004","","0.366"
"IE","2005","","0.365"
"IE","2006","","0.364"
"IE","2007","","0.363"
"IE","2008","","0.362"
"IE","2009","","0.361"
"IE","2010","0.36","0.36"
"IE","2011","",""
"IE","2012","",""
"IE","2013","",""
"IL","2000","",""
"IL","2001","0.33","0.33"
"IL","2002","","0.415"
"IL","2003","","0.5"
"IL","2004","","0.585"
"IL","2005","0.67","0.67"
"IL","2006","","0.5"
"IL","2007","0.33","0.33"
"IL","2008","","0.35"
"IL","2009","","0.37"
"IL","2010","0.39","0.39"
"IL","2011","",""
"IL","2012","",""
"IL","2013","",""
"IN","2000","",""
"IN","2001","",""
"IN","2002","",""
"IN","2003","",""
"IN","2004","",""
"IN","2005","41.64","41.64"
"IN","2006","","39.848"
"IN","2007","","38.056"
"IN","2008","","36.264"
"IN","2009","","34.472"
"IN","2010","32.68","32.68"
"IN","2011","","28.154731895"
"IN","2012","23.62946379","23.62946379"
"IN","2013","",""
"IQ","2000","",""
"IQ","2001","",""
"IQ","2002","",""
"IQ","2003","",""
"IQ","2004","",""
"IQ","2005","",""
"IQ","2006","",""
"IQ","2007","3.37","3.37"
"IQ","2008","","3.478"
"IQ","2009","","3.586"
"IQ","2010","","3.694"
"IQ","2011","","3.802"
"IQ","2012","3.91","3.91"
"IQ","2013","",""
"IR","2000","",""
"IR","2001","",""
"IR","2002","",""
"IR","2003","",""
"IR","2004","",""
"IR","2005","1.45","1.45"
"IR","2006","",""
"IR","2007","",""
"IR","2008","",""
"IR","2009","",""
"IR","2010","",""
"IR","2011","",""
"IR","2012","",""
"IR","2013","",""
"IS","2000","",""
"IS","2001","",""
"IS","2002","",""
"IS","2003","",""
"IS","2004","0.33","0.33"
"IS","2005","","0.34"
"IS","2006","","0.35"
"IS","2007","0.36","0.36"
"IS","2008","",""
"IS","2009","",""
"IS","2010","",""
"IS","2011","",""
"IS","2012","",""
"IS","2013","",""
"IT","2000","1.34","1.34"
"IT","2001","","1.1725"
"IT","2002","","1.005"
"IT","2003","","0.8375"
"IT","2004","0.67","0.67"
"IT","2005","","0.755"
"IT","2006","","0.84"
"IT","2007","","0.925"
"IT","2008","1.01","1.01"
"IT","2009","","1.18"
"IT","2010","1.35","1.35"
"IT","2011","",""
"IT","2012","",""
"IT","2013","",""
"JM","2000","",""
"JM","2001","37.33","37.33"
"JM","2002","0.31","0.31"
"JM","2003","","0.275"
"JM","2004","0.24","0.24"
"JM","2005","",""
"JM","2006","",""
"JM","2007","",""
"JM","2008","",""
"JM","2009","",""
"JM","2010","",""
"JM","2011","",""
"JM","2012","",""
"JM","2013","",""
"JO","2000","",""
"JO","2001","",""
"JO","2002","",""
"JO","2003","1.16","1.16"
"JO","2004","","0.856666666666667"
"JO","2005","","0.553333333333333"
"JO","2006","0.25","0.25"
"JO","2007","","0.16"
"JO","2008","0.07","0.07"
"JO","2009","","0.075"
"JO","2010","0.08","0.08"
"JO","2011","",""
"JO","2012","",""
"JO","2013","",""
"JP","2000","",""
"JP","2001","",""
"JP","2002","",""
"JP","2003","",""
"JP","2004","",""
"JP","2005","",""
"JP","2006","",""
"JP","2007","",""
"JP","2008","0.35","0.35"
"JP","2009","",""
"JP","2010","",""
"JP","2011","",""
"JP","2012","",""
"JP","2013","",""
"KE","2000","",""
"KE","2001","",""
"KE","2002","",""
"KE","2003","",""
"KE","2004","",""
"KE","2005","43.37","43.37"
"KE","2006","",""
"KE","2007","",""
"KE","2008","",""
"KE","2009","",""
"KE","2010","",""
"KE","2011","",""
"KE","2012","",""
"KE","2013","",""
"KG","2000","36.81","36.81"
"KG","2001","32.58","32.58"
"KG","2002","29.74","29.74"
"KG","2003","24.71","24.71"
"KG","2004","10.99","10.99"
"KG","2005","19.91","19.91"
"KG","2006","13.38","13.38"
"KG","2007","1.9","1.9"
"KG","2008","5.5","5.5"
"KG","2009","5.63","5.63"
"KG","2010","6.02","6.02"
"KG","2011","5.11","5.11"
"KG","2012","",""
"KG","2013","",""
"KH","2000","",""
"KH","2001","",""
"KH","2002","",""
"KH","2003","",""
"KH","2004","32.77","32.77"
"KH","2005","","32.12"
"KH","2006","","31.47"
"KH","2007","30.82","30.82"
"KH","2008","20.89","20.89"
"KH","2009","12.93","12.93"
"KH","2010","11.25","11.25"
"KH","2011","10.05","10.05"
"KH","2012","",""
"KH","2013","",""
"KI","2000","",""
"KI","2001","",""
"KI","2002","",""
"KI","2003","",""
"KI","2004","",""
"KI","2005","",""
"KI","2006","",""
"KI","2007","",""
"KI","2008","",""
"KI","2009","",""
"KI","2010","",""
"KI","2011","",""
"KI","2012","",""
"KI","2013","",""
"KM","2000","",""
"KM","2001","",""
"KM","2002","",""
"KM","2003","",""
"KM","2004","46.11","46.11"
"KM","2005","",""
"KM","2006","",""
"KM","2007","",""
"KM","2008","",""
"KM","2009","",""
"KM","2010","",""
"KM","2011","",""
"KM","2012","",""
"KM","2013","",""
"KN","2000","",""
"KN","2001","",""
"KN","2002","",""
"KN","2003","",""
"KN","2004","",""
"KN","2005","",""
"KN","2006","",""
"KN","2007","",""
"KN","2008","",""
"KN","2009","",""
"KN","2010","",""
"KN","2011","",""
"KN","2012","",""
"KN","2013","",""
"KP","2000","",""
"KP","2001","",""
"KP","2002","",""
"KP","2003","",""
"KP","2004","",""
"KP","2005","",""
"KP","2006","",""
"KP","2007","",""
"KP","2008","",""
"KP","2009","",""
"KP","2010","",""
"KP","2011","",""
"KP","2012","",""
"KP","2013","",""
"KR","2000","",""
"KR","2001","",""
"KR","2002","",""
"KR","2003","",""
"KR","2004","",""
"KR","2005","",""
"KR","2006","",""
"KR","2007","",""
"KR","2008","",""
"KR","2009","",""
"KR","2010","",""
"KR","2011","",""
"KR","2012","",""
"KR","2013","",""
"KW","2000","",""
"KW","2001","",""
"KW","2002","",""
"KW","2003","",""
"KW","2004","",""
"KW","2005","",""
"KW","2006","",""
"KW","2007","",""
"KW","2008","",""
"KW","2009","",""
"KW","2010","",""
"KW","2011","",""
"KW","2012","",""
"KW","2013","",""
"KY","2000","",""
"KY","2001","",""
"KY","2002","",""
"KY","2003","",""
"KY","2004","",""
"KY","2005","",""
"KY","2006","",""
"KY","2007","",""
"KY","2008","",""
"KY","2009","",""
"KY","2010","",""
"KY","2011","",""
"KY","2012","",""
"KY","2013","",""
"KZ","2000","",""
"KZ","2001","6.12","6.12"
"KZ","2002","3.76","3.76"
"KZ","2003","2.41","2.41"
"KZ","2004","1.45","1.45"
"KZ","2005","0.02","0.02"
"KZ","2006","0.41","0.41"
"KZ","2007","0.16","0.16"
"KZ","2008","0.01","0.01"
"KZ","2009","","0.035"
"KZ","2010","0.06","0.06"
"KZ","2011","",""
"KZ","2012","",""
"KZ","2013","",""
"LA","2000","",""
"LA","2001","",""
"LA","2002","41.22","41.22"
"LA","2003","","39.996"
"LA","2004","","38.772"
"LA","2005","","37.548"
"LA","2006","","36.324"
"LA","2007","35.1","35.1"
"LA","2008","","34.132"
"LA","2009","","33.164"
"LA","2010","","32.196"
"LA","2011","","31.228"
"LA","2012","30.26","30.26"
"LA","2013","",""
"LB","2000","",""
"LB","2001","",""
"LB","2002","",""
"LB","2003","",""
"LB","2004","",""
"LB","2005","",""
"LB","2006","",""
"LB","2007","",""
"LB","2008","",""
"LB","2009","",""
"LB","2010","",""
"LB","2011","",""
"LB","2012","",""
"LB","2013","",""
"LC","2000","",""
"LC","2001","",""
"LC","2002","",""
"LC","2003","",""
"LC","2004","",""
"LC","2005","",""
"LC","2006","",""
"LC","2007","",""
"LC","2008","",""
"LC","2009","",""
"LC","2010","",""
"LC","2011","",""
"LC","2012","",""
"LC","2013","",""
"LI","2000","",""
"LI","2001","",""
"LI","2002","",""
"LI","2003","",""
"LI","2004","",""
"LI","2005","",""
"LI","2006","",""
"LI","2007","",""
"LI","2008","",""
"LI","2009","",""
"LI","2010","",""
"LI","2011","",""
"LI","2012","",""
"LI","2013","",""
"LK","2000","",""
"LK","2001","",""
"LK","2002","13.95","13.95"
"LK","2003","","12.568"
"LK","2004","","11.186"
"LK","2005","","9.804"
"LK","2006","","8.422"
"LK","2007","7.04","7.04"
"LK","2008","","6.06333333333333"
"LK","2009","","5.08666666666667"
"LK","2010","4.11","4.11"
"LK","2011","",""
"LK","2012","",""
"LK","2013","",""
"LR","2000","",""
"LR","2001","",""
"LR","2002","",""
"LR","2003","",""
"LR","2004","",""
"LR","2005","",""
"LR","2006","",""
"LR","2007","83.76","83.76"
"LR","2008","",""
"LR","2009","",""
"LR","2010","",""
"LR","2011","",""
"LR","2012","",""
"LR","2013","",""
"LS","2000","",""
"LS","2001","",""
"LS","2002","",""
"LS","2003","55.16","55.16"
"LS","2004","","55.3114285714286"
"LS","2005","","55.4628571428571"
"LS","2006","","55.6142857142857"
"LS","2007","","55.7657142857143"
"LS","2008","","55.9171428571429"
"LS","2009","","56.0685714285714"
"LS","2010","56.22","56.22"
"LS","2011","",""
"LS","2012","",""
"LS","2013","",""
"LT","2000","0.06","0.06"
"LT","2001","0.3","0.3"
"LT","2002","0.16","0.16"
"LT","2003","0.07","0.07"
"LT","2004","0.06","0.06"
"LT","2005","1.71","1.71"
"LT","2006","1.4","1.4"
"LT","2007","","0.725"
"LT","2008","0.05","0.05"
"LT","2009","","0.765"
"LT","2010","1.48","1.48"
"LT","2011","0.83","0.83"
"LT","2012","",""
"LT","2013","",""
"LU","2000","",""
"LU","2001","",""
"LU","2002","",""
"LU","2003","",""
"LU","2004","",""
"LU","2005","",""
"LU","2006","",""
"LU","2007","",""
"LU","2008","",""
"LU","2009","",""
"LU","2010","",""
"LU","2011","",""
"LU","2012","",""
"LU","2013","",""
"LV","2000","",""
"LV","2001","",""
"LV","2002","0.41","0.41"
"LV","2003","","0.26"
"LV","2004","0.11","0.11"
"LV","2005","","0.65"
"LV","2006","1.19","1.19"
"LV","2007","","1.2375"
"LV","2008","","1.285"
"LV","2009","","1.3325"
"LV","2010","1.38","1.38"
"LV","2011","1.07","1.07"
"LV","2012","",""
"LV","2013","",""
"LY","2000","",""
"LY","2001","",""
"LY","2002","",""
"LY","2003","",""
"LY","2004","",""
"LY","2005","",""
"LY","2006","",""
"LY","2007","",""
"LY","2008","",""
"LY","2009","",""
"LY","2010","",""
"LY","2011","",""
"LY","2012","",""
"LY","2013","",""
"MA","2000","",""
"MA","2001","6.27","6.27"
"MA","2002","","5.65333333333333"
"MA","2003","","5.03666666666667"
"MA","2004","","4.42"
"MA","2005","","3.80333333333333"
"MA","2006","","3.18666666666667"
"MA","2007","2.57","2.57"
"MA","2008","",""
"MA","2009","",""
"MA","2010","",""
"MA","2011","",""
"MA","2012","",""
"MA","2013","",""
"MC","2000","",""
"MC","2001","",""
"MC","2002","",""
"MC","2003","",""
"MC","2004","",""
"MC","2005","",""
"MC","2006","",""
"MC","2007","",""
"MC","2008","",""
"MC","2009","",""
"MC","2010","",""
"MC","2011","",""
"MC","2012","",""
"MC","2013","",""
"MD","2000","",""
"MD","2001","25.01","25.01"
"MD","2002","14.96","14.96"
"MD","2003","6.25","6.25"
"MD","2004","6.67","6.67"
"MD","2005","12.49","12.49"
"MD","2006","2.17","2.17"
"MD","2007","1.01","1.01"
"MD","2008","1.07","1.07"
"MD","2009","0.78","0.78"
"MD","2010","0.42","0.42"
"MD","2011","0.23","0.23"
"MD","2012","",""
"MD","2013","",""
"ME","2000","",""
"ME","2001","",""
"ME","2002","",""
"ME","2003","",""
"ME","2004","",""
"ME","2005","0.25","0.25"
"ME","2006","0.14","0.14"
"ME","2007","0.37","0.37"
"ME","2008","0.09","0.09"
"ME","2009","","0.13"
"ME","2010","","0.17"
"ME","2011","0.21","0.21"
"ME","2012","",""
"ME","2013","",""
"MF","2000","",""
"MF","2001","",""
"MF","2002","",""
"MF","2003","",""
"MF","2004","",""
"MF","2005","",""
"MF","2006","",""
"MF","2007","",""
"MF","2008","",""
"MF","2009","",""
"MF","2010","",""
"MF","2011","",""
"MF","2012","",""
"MF","2013","",""
"MG","2000","",""
"MG","2001","76.34","76.34"
"MG","2002","","77.8625"
"MG","2003","","79.385"
"MG","2004","","80.9075"
"MG","2005","82.43","82.43"
"MG","2006","","83.478"
"MG","2007","","84.526"
"MG","2008","","85.574"
"MG","2009","","86.622"
"MG","2010","87.67","87.67"
"MG","2011","",""
"MG","2012","",""
"MG","2013","",""
"MH","2000","",""
"MH","2001","",""
"MH","2002","",""
"MH","2003","",""
"MH","2004","",""
"MH","2005","",""
"MH","2006","",""
"MH","2007","",""
"MH","2008","",""
"MH","2009","",""
"MH","2010","",""
"MH","2011","",""
"MH","2012","",""
"MH","2013","",""
"MK","2000","4.17","4.17"
"MK","2001","","2.35"
"MK","2002","0.53","0.53"
"MK","2003","0.45","0.45"
"MK","2004","0.52","0.52"
"MK","2005","0.28","0.28"
"MK","2006","0.92","0.92"
"MK","2007","","0.6"
"MK","2008","0.28","0.28"
"MK","2009","",""
"MK","2010","",""
"MK","2011","",""
"MK","2012","",""
"MK","2013","",""
"ML","2000","",""
"ML","2001","61.18","61.18"
"ML","2002","","59.23"
"ML","2003","","57.28"
"ML","2004","","55.33"
"ML","2005","","53.38"
"ML","2006","51.43","51.43"
"ML","2007","","51.225"
"ML","2008","","51.02"
"ML","2009","","50.815"
"ML","2010","50.61","50.61"
"ML","2011","",""
"ML","2012","",""
"ML","2013","",""
"MM","2000","",""
"MM","2001","",""
"MM","2002","",""
"MM","2003","",""
"MM","2004","",""
"MM","2005","",""
"MM","2006","",""
"MM","2007","",""
"MM","2008","",""
"MM","2009","",""
"MM","2010","",""
"MM","2011","",""
"MM","2012","",""
"MM","2013","",""
"MN","2000","",""
"MN","2001","",""
"MN","2002","",""
"MN","2003","",""
"MN","2004","",""
"MN","2005","",""
"MN","2006","",""
"MN","2007","",""
"MN","2008","",""
"MN","2009","",""
"MN","2010","",""
"MN","2011","",""
"MN","2012","",""
"MN","2013","",""
"MO","2000","",""
"MO","2001","",""
"MO","2002","",""
"MO","2003","",""
"MO","2004","",""
"MO","2005","",""
"MO","2006","",""
"MO","2007","",""
"MO","2008","",""
"MO","2009","",""
"MO","2010","",""
"MO","2011","",""
"MO","2012","",""
"MO","2013","",""
"MP","2000","",""
"MP","2001","",""
"MP","2002","",""
"MP","2003","",""
"MP","2004","",""
"MP","2005","",""
"MP","2006","",""
"MP","2007","",""
"MP","2008","",""
"MP","2009","",""
"MP","2010","",""
"MP","2011","",""
"MP","2012","",""
"MP","2013","",""
"MR","2000","21.16","21.16"
"MR","2001","","22.2225"
"MR","2002","","23.285"
"MR","2003","","24.3475"
"MR","2004","25.41","25.41"
"MR","2005","","24.915"
"MR","2006","","24.42"
"MR","2007","","23.925"
"MR","2008","23.43","23.43"
"MR","2009","",""
"MR","2010","",""
"MR","2011","",""
"MR","2012","",""
"MR","2013","",""
"MT","2000","",""
"MT","2001","",""
"MT","2002","",""
"MT","2003","",""
"MT","2004","",""
"MT","2005","",""
"MT","2006","",""
"MT","2007","",""
"MT","2008","",""
"MT","2009","",""
"MT","2010","",""
"MT","2011","",""
"MT","2012","",""
"MT","2013","",""
"MU","2000","",""
"MU","2001","",""
"MU","2002","",""
"MU","2003","",""
"MU","2004","",""
"MU","2005","",""
"MU","2006","0.21","0.21"
"MU","2007","","0.246666666666667"
"MU","2008","","0.283333333333333"
"MU","2009","","0.32"
"MU","2010","","0.356666666666667"
"MU","2011","","0.393333333333333"
"MU","2012","0.43","0.43"
"MU","2013","",""
"MV","2000","",""
"MV","2001","",""
"MV","2002","",""
"MV","2003","",""
"MV","2004","1.48","1.48"
"MV","2005","",""
"MV","2006","",""
"MV","2007","",""
"MV","2008","",""
"MV","2009","",""
"MV","2010","",""
"MV","2011","",""
"MV","2012","",""
"MV","2013","",""
"MW","2000","",""
"MW","2001","",""
"MW","2002","",""
"MW","2003","",""
"MW","2004","74.95","74.95"
"MW","2005","","74.485"
"MW","2006","","74.02"
"MW","2007","","73.555"
"MW","2008","","73.09"
"MW","2009","","72.625"
"MW","2010","72.16","72.16"
"MW","2011","",""
"MW","2012","",""
"MW","2013","",""
"MX","2000","5.53","5.53"
"MX","2001","","4.715"
"MX","2002","3.9","3.9"
"MX","2003","","2.75"
"MX","2004","1.6","1.6"
"MX","2005","4.93","4.93"
"MX","2006","0.68","0.68"
"MX","2007","","0.915"
"MX","2008","1.15","1.15"
"MX","2009","","0.935"
"MX","2010","0.72","0.72"
"MX","2011","","0.875"
"MX","2012","1.03","1.03"
"MX","2013","",""
"MY","2000","",""
"MY","2001","",""
"MY","2002","",""
"MY","2003","",""
"MY","2004","0.54","0.54"
"MY","2005","",""
"MY","2006","",""
"MY","2007","",""
"MY","2008","",""
"MY","2009","",""
"MY","2010","",""
"MY","2011","",""
"MY","2012","",""
"MY","2013","",""
"MZ","2000","",""
"MZ","2001","",""
"MZ","2002","",""
"MZ","2003","74.69","74.69"
"MZ","2004","","72.36"
"MZ","2005","","70.03"
"MZ","2006","","67.7"
"MZ","2007","","65.37"
"MZ","2008","","63.04"
"MZ","2009","60.71","60.71"
"MZ","2010","",""
"MZ","2011","",""
"MZ","2012","",""
"MZ","2013","",""
"NC","2000","",""
"NC","2001","",""
"NC","2002","",""
"NC","2003","",""
"NC","2004","",""
"NC","2005","",""
"NC","2006","",""
"NC","2007","",""
"NC","2008","",""
"NC","2009","",""
"NC","2010","",""
"NC","2011","",""
"NC","2012","",""
"NC","2013","",""
"NE","2000","",""
"NE","2001","",""
"NE","2002","",""
"NE","2003","",""
"NE","2004","",""
"NE","2005","51.25","51.25"
"NE","2006","","48.1866666666667"
"NE","2007","","45.1233333333333"
"NE","2008","42.06","42.06"
"NE","2009","","41.6433333333333"
"NE","2010","","41.2266666666667"
"NE","2011","40.81","40.81"
"NE","2012","",""
"NE","2013","",""
"NG","2000","",""
"NG","2001","",""
"NG","2002","",""
"NG","2003","",""
"NG","2004","61.84","61.84"
"NG","2005","","61.8716666666667"
"NG","2006","","61.9033333333333"
"NG","2007","","61.935"
"NG","2008","","61.9666666666667"
"NG","2009","","61.9983333333333"
"NG","2010","62.03","62.03"
"NG","2011","",""
"NG","2012","",""
"NG","2013","",""
"NI","2000","",""
"NI","2001","14.37","14.37"
"NI","2002","","11.4875"
"NI","2003","","8.605"
"NI","2004","","5.7225"
"NI","2005","2.84","2.84"
"NI","2006","","4.265"
"NI","2007","","5.69"
"NI","2008","","7.115"
"NI","2009","8.54","8.54"
"NI","2010","",""
"NI","2011","",""
"NI","2012","",""
"NI","2013","",""
"NL","2000","",""
"NL","2001","",""
"NL","2002","",""
"NL","2003","",""
"NL","2004","0.68","0.68"
"NL","2005","","0.576666666666667"
"NL","2006","","0.473333333333333"
"NL","2007","0.37","0.37"
"NL","2008","","0.363333333333333"
"NL","2009","","0.356666666666667"
"NL","2010","0.35","0.35"
"NL","2011","",""
"NL","2012","",""
"NL","2013","",""
"NO","2000","0.34","0.34"
"NO","2001","","0.34"
"NO","2002","","0.34"
"NO","2003","","0.34"
"NO","2004","0.34","0.34"
"NO","2005","","0.336666666666667"
"NO","2006","","0.333333333333333"
"NO","2007","0.33","0.33"
"NO","2008","","0.443333333333333"
"NO","2009","","0.556666666666667"
"NO","2010","0.67","0.67"
"NO","2011","",""
"NO","2012","",""
"NO","2013","",""
"NP","2000","",""
"NP","2001","",""
"NP","2002","",""
"NP","2003","53.13","53.13"
"NP","2004","","48.9314285714286"
"NP","2005","","44.7328571428571"
"NP","2006","","40.5342857142857"
"NP","2007","","36.3357142857143"
"NP","2008","","32.1371428571429"
"NP","2009","","27.9385714285714"
"NP","2010","23.74","23.74"
"NP","2011","",""
"NP","2012","",""
"NP","2013","",""
"NZ","2000","",""
"NZ","2001","",""
"NZ","2002","",""
"NZ","2003","",""
"NZ","2004","",""
"NZ","2005","",""
"NZ","2006","",""
"NZ","2007","",""
"NZ","2008","",""
"NZ","2009","",""
"NZ","2010","",""
"NZ","2011","",""
"NZ","2012","",""
"NZ","2013","",""
"OM","2000","",""
"OM","2001","",""
"OM","2002","",""
"OM","2003","",""
"OM","2004","",""
"OM","2005","",""
"OM","2006","",""
"OM","2007","",""
"OM","2008","",""
"OM","2009","",""
"OM","2010","",""
"OM","2011","",""
"OM","2012","",""
"OM","2013","",""
"PA","2000","13.82","13.82"
"PA","2001","","12.445"
"PA","2002","11.07","11.07"
"PA","2003","10.67","10.67"
"PA","2004","9.92","9.92"
"PA","2005","9.49","9.49"
"PA","2006","10.18","10.18"
"PA","2007","7.2","7.2"
"PA","2008","4.73","4.73"
"PA","2009","2.99","2.99"
"PA","2010","3.82","3.82"
"PA","2011","3.55","3.55"
"PA","2012","3.99","3.99"
"PA","2013","",""
"PE","2000","12.51","12.51"
"PE","2001","13.39","13.39"
"PE","2002","11.56","11.56"
"PE","2003","8.95","8.95"
"PE","2004","6.75","6.75"
"PE","2005","7.83","7.83"
"PE","2006","6.43","6.43"
"PE","2007","6.31","6.31"
"PE","2008","4.84","4.84"
"PE","2009","3.5","3.5"
"PE","2010","2.73","2.73"
"PE","2011","2.97","2.97"
"PE","2012","2.89","2.89"
"PE","2013","",""
"PF","2000","",""
"PF","2001","",""
"PF","2002","",""
"PF","2003","",""
"PF","2004","",""
"PF","2005","",""
"PF","2006","",""
"PF","2007","",""
"PF","2008","",""
"PF","2009","",""
"PF","2010","",""
"PF","2011","",""
"PF","2012","",""
"PF","2013","",""
"PG","2000","",""
"PG","2001","",""
"PG","2002","",""
"PG","2003","",""
"PG","2004","",""
"PG","2005","",""
"PG","2006","",""
"PG","2007","",""
"PG","2008","",""
"PG","2009","",""
"PG","2010","",""
"PG","2011","",""
"PG","2012","",""
"PG","2013","",""
"PH","2000","24.59","24.59"
"PH","2001","","24.02"
"PH","2002","","23.45"
"PH","2003","22.88","22.88"
"PH","2004","","22.78"
"PH","2005","","22.68"
"PH","2006","22.58","22.58"
"PH","2007","","21.0866666666667"
"PH","2008","","19.5933333333333"
"PH","2009","18.1","18.1"
"PH","2010","","18.3866666666667"
"PH","2011","","18.6733333333333"
"PH","2012","18.96","18.96"
"PH","2013","",""
"PK","2000","",""
"PK","2001","",""
"PK","2002","35.87","35.87"
"PK","2003","","31.4433333333333"
"PK","2004","","27.0166666666667"
"PK","2005","22.59","22.59"
"PK","2006","22.58","22.58"
"PK","2007","","19.865"
"PK","2008","17.15","17.15"
"PK","2009","","15.68"
"PK","2010","","14.21"
"PK","2011","12.74","12.74"
"PK","2012","",""
"PK","2013","",""
"PL","2000","0.05","0.05"
"PL","2001","0.05","0.05"
"PL","2002","0.02","0.02"
"PL","2003","","0.035"
"PL","2004","0.05","0.05"
"PL","2005","0.08","0.08"
"PL","2006","0.01","0.01"
"PL","2007","0.02","0.02"
"PL","2008","0.01","0.01"
"PL","2009","",""
"PL","2010","",""
"PL","2011","",""
"PL","2012","",""
"PL","2013","",""
"PR","2000","",""
"PR","2001","",""
"PR","2002","",""
"PR","2003","",""
"PR","2004","",""
"PR","2005","",""
"PR","2006","",""
"PR","2007","",""
"PR","2008","",""
"PR","2009","",""
"PR","2010","",""
"PR","2011","",""
"PR","2012","",""
"PR","2013","",""
"PS","2000","",""
"PS","2001","",""
"PS","2002","",""
"PS","2003","",""
"PS","2004","0.23","0.23"
"PS","2005","","0.46"
"PS","2006","","0.69"
"PS","2007","0.92","0.92"
"PS","2008","","0.5"
"PS","2009","0.08","0.08"
"PS","2010","",""
"PS","2011","",""
"PS","2012","",""
"PS","2013","",""
"PT","2000","",""
"PT","2001","",""
"PT","2002","",""
"PT","2003","",""
"PT","2004","",""
"PT","2005","",""
"PT","2006","",""
"PT","2007","",""
"PT","2008","",""
"PT","2009","",""
"PT","2010","",""
"PT","2011","",""
"PT","2012","",""
"PT","2013","",""
"PW","2000","",""
"PW","2001","",""
"PW","2002","",""
"PW","2003","",""
"PW","2004","",""
"PW","2005","",""
"PW","2006","",""
"PW","2007","",""
"PW","2008","",""
"PW","2009","",""
"PW","2010","",""
"PW","2011","",""
"PW","2012","",""
"PW","2013","",""
"PY","2000","",""
"PY","2001","8.09","8.09"
"PY","2002","12.52","12.52"
"PY","2003","7.81","7.81"
"PY","2004","5.58","5.58"
"PY","2005","6.1","6.1"
"PY","2006","8.7","8.7"
"PY","2007","7.46","7.46"
"PY","2008","4.32","4.32"
"PY","2009","5.7","5.7"
"PY","2010","5.32","5.32"
"PY","2011","4.43","4.43"
"PY","2012","3.03","3.03"
"PY","2013","",""
"QA","2000","",""
"QA","2001","",""
"QA","2002","",""
"QA","2003","",""
"QA","2004","",""
"QA","2005","",""
"QA","2006","",""
"QA","2007","",""
"QA","2008","",""
"QA","2009","",""
"QA","2010","",""
"QA","2011","",""
"QA","2012","",""
"QA","2013","",""
"RO","2000","",""
"RO","2001","2.46","2.46"
"RO","2002","2.63","2.63"
"RO","2003","1.57","1.57"
"RO","2004","",""
"RO","2005","",""
"RO","2006","",""
"RO","2007","",""
"RO","2008","",""
"RO","2009","",""
"RO","2010","",""
"RO","2011","",""
"RO","2012","",""
"RO","2013","",""
"RS","2000","",""
"RS","2001","",""
"RS","2002","0.26","0.26"
"RS","2003","0.31","0.31"
"RS","2004","0.41","0.41"
"RS","2005","0.59","0.59"
"RS","2006","0.25","0.25"
"RS","2007","0.12","0.12"
"RS","2008","0.04","0.04"
"RS","2009","0.07","0.07"
"RS","2010","0.05","0.05"
"RS","2011","",""
"RS","2012","",""
"RS","2013","",""
"RU","2000","",""
"RU","2001","0.89","0.89"
"RU","2002","0.51","0.51"
"RU","2003","0.38","0.38"
"RU","2004","0.7","0.7"
"RU","2005","0.22","0.22"
"RU","2006","0.17","0.17"
"RU","2007","0.09","0.09"
"RU","2008","","0.06"
"RU","2009","0.03","0.03"
"RU","2010","",""
"RU","2011","",""
"RU","2012","",""
"RU","2013","",""
"RW","2000","79.37","79.37"
"RW","2001","","78.1366666666667"
"RW","2002","","76.9033333333333"
"RW","2003","","75.67"
"RW","2004","","74.4366666666667"
"RW","2005","","73.2033333333333"
"RW","2006","71.97","71.97"
"RW","2007","","70.18"
"RW","2008","","68.39"
"RW","2009","","66.6"
"RW","2010","","64.81"
"RW","2011","63.02","63.02"
"RW","2012","",""
"RW","2013","",""
"SA","2000","",""
"SA","2001","",""
"SA","2002","",""
"SA","2003","",""
"SA","2004","",""
"SA","2005","",""
"SA","2006","",""
"SA","2007","",""
"SA","2008","",""
"SA","2009","",""
"SA","2010","",""
"SA","2011","",""
"SA","2012","",""
"SA","2013","",""
"SB","2000","",""
"SB","2001","",""
"SB","2002","",""
"SB","2003","",""
"SB","2004","",""
"SB","2005","",""
"SB","2006","",""
"SB","2007","",""
"SB","2008","",""
"SB","2009","",""
"SB","2010","",""
"SB","2011","",""
"SB","2012","",""
"SB","2013","",""
"SC","2000","",""
"SC","2001","",""
"SC","2002","",""
"SC","2003","",""
"SC","2004","",""
"SC","2005","",""
"SC","2006","",""
"SC","2007","0.25","0.25"
"SC","2008","",""
"SC","2009","",""
"SC","2010","",""
"SC","2011","",""
"SC","2012","",""
"SC","2013","",""
"SD","2000","",""
"SD","2001","",""
"SD","2002","",""
"SD","2003","",""
"SD","2004","",""
"SD","2005","",""
"SD","2006","",""
"SD","2007","",""
"SD","2008","",""
"SD","2009","19.8","19.8"
"SD","2010","",""
"SD","2011","",""
"SD","2012","",""
"SD","2013","",""
"SE","2000","0.34","0.34"
"SE","2001","","0.342"
"SE","2002","","0.344"
"SE","2003","","0.346"
"SE","2004","","0.348"
"SE","2005","0.35","0.35"
"SE","2006","",""
"SE","2007","",""
"SE","2008","",""
"SE","2009","",""
"SE","2010","",""
"SE","2011","",""
"SE","2012","",""
"SE","2013","",""
"SG","2000","",""
"SG","2001","",""
"SG","2002","",""
"SG","2003","",""
"SG","2004","",""
"SG","2005","",""
"SG","2006","",""
"SG","2007","",""
"SG","2008","",""
"SG","2009","",""
"SG","2010","",""
"SG","2011","",""
"SG","2012","",""
"SG","2013","",""
"SI","2000","",""
"SI","2001","",""
"SI","2002","0.05","0.05"
"SI","2003","","0.055"
"SI","2004","0.06","0.06"
"SI","2005","0.08","0.08"
"SI","2006","0.05","0.05"
"SI","2007","","0.03"
"SI","2008","0.01","0.01"
"SI","2009","","0.01"
"SI","2010","0.01","0.01"
"SI","2011","",""
"SI","2012","",""
"SI","2013","",""
"SK","2000","",""
"SK","2001","",""
"SK","2002","",""
"SK","2003","",""
"SK","2004","0.17","0.17"
"SK","2005","0.05","0.05"
"SK","2006","","0.12"
"SK","2007","","0.19"
"SK","2008","","0.26"
"SK","2009","","0.33"
"SK","2010","0.4","0.4"
"SK","2011","0.3","0.3"
"SK","2012","",""
"SK","2013","",""
"SL","2000","",""
"SL","2001","",""
"SL","2002","",""
"SL","2003","59.44","59.44"
"SL","2004","","59.08875"
"SL","2005","","58.7375"
"SL","2006","","58.38625"
"SL","2007","","58.035"
"SL","2008","","57.68375"
"SL","2009","","57.3325"
"SL","2010","","56.98125"
"SL","2011","56.63","56.63"
"SL","2012","",""
"SL","2013","",""
"SM","2000","",""
"SM","2001","",""
"SM","2002","",""
"SM","2003","",""
"SM","2004","",""
"SM","2005","",""
"SM","2006","",""
"SM","2007","",""
"SM","2008","",""
"SM","2009","",""
"SM","2010","",""
"SM","2011","",""
"SM","2012","",""
"SM","2013","",""
"SN","2000","",""
"SN","2001","44.13","44.13"
"SN","2002","","41.4725"
"SN","2003","","38.815"
"SN","2004","","36.1575"
"SN","2005","33.5","33.5"
"SN","2006","","33.5933333333333"
"SN","2007","","33.6866666666667"
"SN","2008","","33.78"
"SN","2009","","33.8733333333333"
"SN","2010","","33.9666666666667"
"SN","2011","34.06","34.06"
"SN","2012","",""
"SN","2013","",""
"SO","2000","",""
"SO","2001","",""
"SO","2002","",""
"SO","2003","",""
"SO","2004","",""
"SO","2005","",""
"SO","2006","",""
"SO","2007","",""
"SO","2008","",""
"SO","2009","",""
"SO","2010","",""
"SO","2011","",""
"SO","2012","",""
"SO","2013","",""
"SR","2000","",""
"SR","2001","",""
"SR","2002","",""
"SR","2003","",""
"SR","2004","",""
"SR","2005","",""
"SR","2006","",""
"SR","2007","",""
"SR","2008","",""
"SR","2009","",""
"SR","2010","",""
"SR","2011","",""
"SR","2012","",""
"SR","2013","",""
"SS","2000","",""
"SS","2001","",""
"SS","2002","",""
"SS","2003","",""
"SS","2004","",""
"SS","2005","",""
"SS","2006","",""
"SS","2007","",""
"SS","2008","",""
"SS","2009","",""
"SS","2010","",""
"SS","2011","",""
"SS","2012","",""
"SS","2013","",""
"ST","2000","",""
"ST","2001","28.18","28.18"
"ST","2002","","29.8855555555556"
"ST","2003","","31.5911111111111"
"ST","2004","","33.2966666666667"
"ST","2005","","35.0022222222222"
"ST","2006","","36.7077777777778"
"ST","2007","","38.4133333333333"
"ST","2008","","40.1188888888889"
"ST","2009","","41.8244444444444"
"ST","2010","43.53","43.53"
"ST","2011","",""
"ST","2012","",""
"ST","2013","",""
"SV","2000","13.67","13.67"
"SV","2001","14.4","14.4"
"SV","2002","14.68","14.68"
"SV","2003","13.4","13.4"
"SV","2004","8.02","8.02"
"SV","2005","7.11","7.11"
"SV","2006","4.27","4.27"
"SV","2007","2.85","2.85"
"SV","2008","4.82","4.82"
"SV","2009","4.24","4.24"
"SV","2010","5.17","5.17"
"SV","2011","2.82","2.82"
"SV","2012","2.53","2.53"
"SV","2013","",""
"SX","2000","",""
"SX","2001","",""
"SX","2002","",""
"SX","2003","",""
"SX","2004","",""
"SX","2005","",""
"SX","2006","",""
"SX","2007","",""
"SX","2008","",""
"SX","2009","",""
"SX","2010","",""
"SX","2011","",""
"SX","2012","",""
"SX","2013","",""
"SY","2000","",""
"SY","2001","",""
"SY","2002","",""
"SY","2003","",""
"SY","2004","1.71","1.71"
"SY","2005","",""
"SY","2006","",""
"SY","2007","",""
"SY","2008","",""
"SY","2009","",""
"SY","2010","",""
"SY","2011","",""
"SY","2012","",""
"SY","2013","",""
"SZ","2000","",""
"SZ","2001","43.02","43.02"
"SZ","2002","","42.6066666666667"
"SZ","2003","","42.1933333333333"
"SZ","2004","","41.78"
"SZ","2005","","41.3666666666667"
"SZ","2006","","40.9533333333333"
"SZ","2007","","40.54"
"SZ","2008","","40.1266666666667"
"SZ","2009","","39.7133333333333"
"SZ","2010","39.3","39.3"
"SZ","2011","",""
"SZ","2012","",""
"SZ","2013","",""
"TC","2000","",""
"TC","2001","",""
"TC","2002","",""
"TC","2003","",""
"TC","2004","",""
"TC","2005","",""
"TC","2006","",""
"TC","2007","",""
"TC","2008","",""
"TC","2009","",""
"TC","2010","",""
"TC","2011","",""
"TC","2012","",""
"TC","2013","",""
"TD","2000","",""
"TD","2001","",""
"TD","2002","",""
"TD","2003","61.94","61.94"
"TD","2004","","58.7625"
"TD","2005","","55.585"
"TD","2006","","52.4075"
"TD","2007","","49.23"
"TD","2008","","46.0525"
"TD","2009","","42.875"
"TD","2010","","39.6975"
"TD","2011","36.52","36.52"
"TD","2012","",""
"TD","2013","",""
"TG","2000","",""
"TG","2001","",""
"TG","2002","",""
"TG","2003","",""
"TG","2004","",""
"TG","2005","",""
"TG","2006","53.15","53.15"
"TG","2007","","53.012"
"TG","2008","","52.874"
"TG","2009","","52.736"
"TG","2010","","52.598"
"TG","2011","52.46","52.46"
"TG","2012","",""
"TG","2013","",""
"TH","2000","3.03","3.03"
"TH","2001","","2.335"
"TH","2002","1.64","1.64"
"TH","2003","","1.4825"
"TH","2004","","1.325"
"TH","2005","","1.1675"
"TH","2006","1.01","1.01"
"TH","2007","","0.665"
"TH","2008","0.32","0.32"
"TH","2009","","0.315"
"TH","2010","0.31","0.31"
"TH","2011","",""
"TH","2012","",""
"TH","2013","",""
"TJ","2000","",""
"TJ","2001","",""
"TJ","2002","",""
"TJ","2003","35.42","35.42"
"TJ","2004","20.7","20.7"
"TJ","2005","","17.86"
"TJ","2006","","15.02"
"TJ","2007","12.18","12.18"
"TJ","2008","","9.325"
"TJ","2009","6.47","6.47"
"TJ","2010","",""
"TJ","2011","",""
"TJ","2012","",""
"TJ","2013","",""
"TL","2000","",""
"TL","2001","",""
"TL","2002","",""
"TL","2003","",""
"TL","2004","",""
"TL","2005","",""
"TL","2006","",""
"TL","2007","34.87","34.87"
"TL","2008","",""
"TL","2009","",""
"TL","2010","",""
"TL","2011","",""
"TL","2012","",""
"TL","2013","",""
"TM","2000","",""
"TM","2001","",""
"TM","2002","",""
"TM","2003","",""
"TM","2004","",""
"TM","2005","",""
"TM","2006","",""
"TM","2007","",""
"TM","2008","",""
"TM","2009","",""
"TM","2010","",""
"TM","2011","",""
"TM","2012","",""
"TM","2013","",""
"TN","2000","2.55","2.55"
"TN","2001","","2.316"
"TN","2002","","2.082"
"TN","2003","","1.848"
"TN","2004","","1.614"
"TN","2005","1.38","1.38"
"TN","2006","","1.252"
"TN","2007","","1.124"
"TN","2008","","0.996"
"TN","2009","","0.868"
"TN","2010","0.74","0.74"
"TN","2011","",""
"TN","2012","",""
"TN","2013","",""
"TO","2000","",""
"TO","2001","",""
"TO","2002","",""
"TO","2003","",""
"TO","2004","",""
"TO","2005","",""
"TO","2006","",""
"TO","2007","",""
"TO","2008","",""
"TO","2009","",""
"TO","2010","",""
"TO","2011","",""
"TO","2012","",""
"TO","2013","",""
"TR","2000","",""
"TR","2001","",""
"TR","2002","1.15","1.15"
"TR","2003","2.87","2.87"
"TR","2004","1.41","1.41"
"TR","2005","1.45","1.45"
"TR","2006","1.35","1.35"
"TR","2007","0.95","0.95"
"TR","2008","0.1","0.1"
"TR","2009","0.36","0.36"
"TR","2010","0.59","0.59"
"TR","2011","0.08","0.08"
"TR","2012","",""
"TR","2013","",""
"TT","2000","",""
"TT","2001","",""
"TT","2002","",""
"TT","2003","",""
"TT","2004","",""
"TT","2005","",""
"TT","2006","",""
"TT","2007","",""
"TT","2008","",""
"TT","2009","",""
"TT","2010","",""
"TT","2011","",""
"TT","2012","",""
"TT","2013","",""
"TV","2000","",""
"TV","2001","",""
"TV","2002","",""
"TV","2003","",""
"TV","2004","",""
"TV","2005","",""
"TV","2006","",""
"TV","2007","",""
"TV","2008","",""
"TV","2009","",""
"TV","2010","",""
"TV","2011","",""
"TV","2012","",""
"TV","2013","",""
"TZ","2000","84.23","84.23"
"TZ","2001","","81.8928571428572"
"TZ","2002","","79.5557142857143"
"TZ","2003","","77.2185714285714"
"TZ","2004","","74.8814285714286"
"TZ","2005","","72.5442857142857"
"TZ","2006","","70.2071428571429"
"TZ","2007","67.87","67.87"
"TZ","2008","","62.992"
"TZ","2009","","58.114"
"TZ","2010","","53.236"
"TZ","2011","","48.358"
"TZ","2012","43.48","43.48"
"TZ","2013","",""
"UA","2000","",""
"UA","2001","",""
"UA","2002","0.42","0.42"
"UA","2003","0.11","0.11"
"UA","2004","0.04","0.04"
"UA","2005","0.05","0.05"
"UA","2006","0.14","0.14"
"UA","2007","0.06","0.06"
"UA","2008","","0.06"
"UA","2009","0.06","0.06"
"UA","2010","",""
"UA","2011","",""
"UA","2012","",""
"UA","2013","",""
"UG","2000","",""
"UG","2001","",""
"UG","2002","56.57","56.57"
"UG","2003","","55.3575"
"UG","2004","","54.145"
"UG","2005","","52.9325"
"UG","2006","51.72","51.72"
"UG","2007","","47.1166666666667"
"UG","2008","","42.5133333333333"
"UG","2009","37.91","37.91"
"UG","2010","","37.8775"
"UG","2011","","37.845"
"UG","2012","","37.8125"
"UG","2013","37.78","37.78"
"US","2000","0.67","0.67"
"US","2001","","0.7525"
"US","2002","","0.835"
"US","2003","","0.9175"
"US","2004","1","1"
"US","2005","","1.11"
"US","2006","","1.22"
"US","2007","1.33","1.33"
"US","2008","","1.44333333333333"
"US","2009","","1.55666666666667"
"US","2010","1.67","1.67"
"US","2011","",""
"US","2012","",""
"US","2013","",""
"UY","2000","0.48","0.48"
"UY","2001","0.61","0.61"
"UY","2002","0.79","0.79"
"UY","2003","0.95","0.95"
"UY","2004","1.19","1.19"
"UY","2005","1.31","1.31"
"UY","2006","0.73","0.73"
"UY","2007","0.48","0.48"
"UY","2008","0.26","0.26"
"UY","2009","0.27","0.27"
"UY","2010","0.2","0.2"
"UY","2011","0.25","0.25"
"UY","2012","0.31","0.31"
"UY","2013","",""
"UZ","2000","",""
"UZ","2001","",""
"UZ","2002","",""
"UZ","2003","",""
"UZ","2004","",""
"UZ","2005","",""
"UZ","2006","",""
"UZ","2007","",""
"UZ","2008","",""
"UZ","2009","",""
"UZ","2010","",""
"UZ","2011","",""
"UZ","2012","",""
"UZ","2013","",""
"VC","2000","",""
"VC","2001","",""
"VC","2002","",""
"VC","2003","",""
"VC","2004","",""
"VC","2005","",""
"VC","2006","",""
"VC","2007","",""
"VC","2008","",""
"VC","2009","",""
"VC","2010","",""
"VC","2011","",""
"VC","2012","",""
"VC","2013","",""
"VE","2000","",""
"VE","2001","9.57","9.57"
"VE","2002","15.85","15.85"
"VE","2003","19.06","19.06"
"VE","2004","15.88","15.88"
"VE","2005","13.17","13.17"
"VE","2006","6.63","6.63"
"VE","2007","",""
"VE","2008","",""
"VE","2009","",""
"VE","2010","",""
"VE","2011","",""
"VE","2012","",""
"VE","2013","",""
"VI","2000","",""
"VI","2001","",""
"VI","2002","",""
"VI","2003","",""
"VI","2004","",""
"VI","2005","",""
"VI","2006","",""
"VI","2007","",""
"VI","2008","",""
"VI","2009","",""
"VI","2010","",""
"VI","2011","",""
"VI","2012","",""
"VI","2013","",""
"VN","2000","",""
"VN","2001","",""
"VN","2002","40.07","40.07"
"VN","2003","","35.735"
"VN","2004","31.4","31.4"
"VN","2005","","26.42"
"VN","2006","21.44","21.44"
"VN","2007","","19.13"
"VN","2008","16.82","16.82"
"VN","2009","","10.375"
"VN","2010","3.93","3.93"
"VN","2011","","3.185"
"VN","2012","2.44","2.44"
"VN","2013","",""
"VU","2000","",""
"VU","2001","",""
"VU","2002","",""
"VU","2003","",""
"VU","2004","",""
"VU","2005","",""
"VU","2006","",""
"VU","2007","",""
"VU","2008","",""
"VU","2009","",""
"VU","2010","",""
"VU","2011","",""
"VU","2012","",""
"VU","2013","",""
"WS","2000","",""
"WS","2001","",""
"WS","2002","",""
"WS","2003","",""
"WS","2004","",""
"WS","2005","",""
"WS","2006","",""
"WS","2007","",""
"WS","2008","",""
"WS","2009","",""
"WS","2010","",""
"WS","2011","",""
"WS","2012","",""
"WS","2013","",""
"XK","2000","",""
"XK","2001","",""
"XK","2002","",""
"XK","2003","",""
"XK","2004","",""
"XK","2005","",""
"XK","2006","",""
"XK","2007","",""
"XK","2008","",""
"XK","2009","",""
"XK","2010","",""
"XK","2011","",""
"XK","2012","",""
"XK","2013","",""
"YE","2000","",""
"YE","2001","",""
"YE","2002","",""
"YE","2003","",""
"YE","2004","",""
"YE","2005","9.78","9.78"
"YE","2006","",""
"YE","2007","",""
"YE","2008","",""
"YE","2009","",""
"YE","2010","",""
"YE","2011","",""
"YE","2012","",""
"YE","2013","",""
"ZA","2000","26.2","26.2"
"ZA","2001","","24.62"
"ZA","2002","","23.04"
"ZA","2003","","21.46"
"ZA","2004","","19.88"
"ZA","2005","","18.3"
"ZA","2006","16.72","16.72"
"ZA","2007","","15.7033333333333"
"ZA","2008","","14.6866666666667"
"ZA","2009","13.67","13.67"
"ZA","2010","","11.545"
"ZA","2011","9.42","9.42"
"ZA","2012","",""
"ZA","2013","",""
"ZM","2000","",""
"ZM","2001","",""
"ZM","2002","",""
"ZM","2003","64.6","64.6"
"ZM","2004","64.29","64.29"
"ZM","2005","","66.4"
"ZM","2006","68.51","68.51"
"ZM","2007","","69.9625"
"ZM","2008","","71.415"
"ZM","2009","","72.8675"
"ZM","2010","74.32","74.32"
"ZM","2011","",""
"ZM","2012","",""
"ZM","2013","",""
"ZW","2000","",""
"ZW","2001","",""
"ZW","2002","",""
"ZW","2003","",""
"ZW","2004","",""
"ZW","2005","",""
"ZW","2006","",""
"ZW","2007","",""
"ZW","2008","",""
"ZW","2009","",""
"ZW","2010","",""
"ZW","2011","",""
"ZW","2012","",""
"ZW","2013","",""
"","2000","",""
"","2001","",""
"","2002","",""
"","2003","",""
"","2004","31.91","31.91"
"","2005","","30.515"
"","2006","","29.12"
"","2007","","27.725"
"","2008","","26.33"
"","2009","","24.935"
"","2010","23.54","23.54"
"","2011","",""
"","2012","",""
"","2013","",""
